ISO-10303-21;
HEADER;
FILE_DESCRIPTION(('Open CASCADE Model'),'2;1');
FILE_NAME('Open CASCADE Shape Model','2026-04-02T19:05:10',('Author'),(
    'Open CASCADE'),'Open CASCADE STEP processor 7.9','Open CASCADE 7.9'
  ,'Unknown');
FILE_SCHEMA(('AUTOMOTIVE_DESIGN { 1 0 10303 214 1 1 1 1 }'));
ENDSEC;
DATA;
#1 = APPLICATION_PROTOCOL_DEFINITION('international standard',
  'automotive_design',2000,#2);
#2 = APPLICATION_CONTEXT(
  'core data for automotive mechanical design processes');
#3 = SHAPE_DEFINITION_REPRESENTATION(#4,#10);
#4 = PRODUCT_DEFINITION_SHAPE('','',#5);
#5 = PRODUCT_DEFINITION('design','',#6,#9);
#6 = PRODUCT_DEFINITION_FORMATION('','',#7);
#7 = PRODUCT('SOLID','SOLID','',(#8));
#8 = PRODUCT_CONTEXT('',#2,'mechanical');
#9 = PRODUCT_DEFINITION_CONTEXT('part definition',#2,'design');
#10 = ADVANCED_BREP_SHAPE_REPRESENTATION('',(#11,#15),#1145);
#11 = AXIS2_PLACEMENT_3D('',#12,#13,#14);
#12 = CARTESIAN_POINT('',(0.,0.,0.));
#13 = DIRECTION('',(0.,0.,1.));
#14 = DIRECTION('',(1.,0.,-0.));
#15 = MANIFOLD_SOLID_BREP('',#16);
#16 = CLOSED_SHELL('',(#17,#72,#127,#164,#201,#238,#275,#323,#367,#411,
    #455,#506,#561,#612,#649,#689,#719,#744,#767,#797,#818,#846,#869,
    #899,#917,#947,#965,#990,#1020,#1045,#1055,#1087,#1117,#1135));
#17 = ADVANCED_FACE('',(#18),#56,.T.);
#18 = FACE_BOUND('',#19,.T.);
#19 = EDGE_LOOP('',(#20,#32,#40,#50));
#20 = ORIENTED_EDGE('',*,*,#21,.F.);
#21 = EDGE_CURVE('',#22,#24,#26,.T.);
#22 = VERTEX_POINT('',#23);
#23 = CARTESIAN_POINT('',(5.551957337537,2.344547166351E-17,
    6.700638265993));
#24 = VERTEX_POINT('',#25);
#25 = CARTESIAN_POINT('',(5.551957337537,0.,6.317744656508));
#26 = ( BOUNDED_CURVE() B_SPLINE_CURVE(2,(#27,#28,#29,#30,#31),
.UNSPECIFIED.,.F.,.F.) B_SPLINE_CURVE_WITH_KNOTS((3,2,3),(0.,
1.570796326795,3.14159265359),.PIECEWISE_BEZIER_KNOTS.) CURVE() 
GEOMETRIC_REPRESENTATION_ITEM() RATIONAL_B_SPLINE_CURVE((1.,
0.707106781187,1.,0.707106781187,1.)) REPRESENTATION_ITEM('') );
#27 = CARTESIAN_POINT('',(5.551957337537,0.,6.700638265993));
#28 = CARTESIAN_POINT('',(5.551957337537,0.191446804743,6.700638265993)
  );
#29 = CARTESIAN_POINT('',(5.551957337537,0.191446804743,6.50919146125));
#30 = CARTESIAN_POINT('',(5.551957337537,0.191446804743,6.317744656508)
  );
#31 = CARTESIAN_POINT('',(5.551957337537,2.344547166351E-17,
    6.317744656508));
#32 = ORIENTED_EDGE('',*,*,#33,.T.);
#33 = EDGE_CURVE('',#22,#34,#36,.T.);
#34 = VERTEX_POINT('',#35);
#35 = CARTESIAN_POINT('',(6.222021154136,2.344547166351E-17,
    6.030574449394));
#36 = ( BOUNDED_CURVE() B_SPLINE_CURVE(2,(#37,#38,#39),.UNSPECIFIED.,.F.
,.F.) B_SPLINE_CURVE_WITH_KNOTS((3,3),(0.,1.570796326795),
.PIECEWISE_BEZIER_KNOTS.) CURVE() GEOMETRIC_REPRESENTATION_ITEM() 
RATIONAL_B_SPLINE_CURVE((1.,0.707106781187,1.)) REPRESENTATION_ITEM('') 
  );
#37 = CARTESIAN_POINT('',(5.551957337537,0.,6.700638265993));
#38 = CARTESIAN_POINT('',(6.222021154136,0.,6.700638265993));
#39 = CARTESIAN_POINT('',(6.222021154136,0.,6.030574449394));
#40 = ORIENTED_EDGE('',*,*,#41,.T.);
#41 = EDGE_CURVE('',#34,#42,#44,.T.);
#42 = VERTEX_POINT('',#43);
#43 = CARTESIAN_POINT('',(5.839127544651,0.,6.030574449394));
#44 = ( BOUNDED_CURVE() B_SPLINE_CURVE(2,(#45,#46,#47,#48,#49),
.UNSPECIFIED.,.F.,.F.) B_SPLINE_CURVE_WITH_KNOTS((3,2,3),(0.,
1.570796326795,3.14159265359),.PIECEWISE_BEZIER_KNOTS.) CURVE() 
GEOMETRIC_REPRESENTATION_ITEM() RATIONAL_B_SPLINE_CURVE((1.,
0.707106781187,1.,0.707106781187,1.)) REPRESENTATION_ITEM('') );
#45 = CARTESIAN_POINT('',(6.222021154136,0.,6.030574449394));
#46 = CARTESIAN_POINT('',(6.222021154136,0.191446804743,6.030574449394)
  );
#47 = CARTESIAN_POINT('',(6.030574349394,0.191446804743,6.030574449394)
  );
#48 = CARTESIAN_POINT('',(5.839127544651,0.191446804743,6.030574449394)
  );
#49 = CARTESIAN_POINT('',(5.839127544651,2.344547166351E-17,
    6.030574449394));
#50 = ORIENTED_EDGE('',*,*,#51,.F.);
#51 = EDGE_CURVE('',#24,#42,#52,.T.);
#52 = ( BOUNDED_CURVE() B_SPLINE_CURVE(2,(#53,#54,#55),.UNSPECIFIED.,.F.
,.F.) B_SPLINE_CURVE_WITH_KNOTS((3,3),(0.,1.570796326795),
.PIECEWISE_BEZIER_KNOTS.) CURVE() GEOMETRIC_REPRESENTATION_ITEM() 
RATIONAL_B_SPLINE_CURVE((1.,0.707106781187,1.)) REPRESENTATION_ITEM('') 
  );
#53 = CARTESIAN_POINT('',(5.551957337537,-2.344547166351E-17,
    6.317744656508));
#54 = CARTESIAN_POINT('',(5.839127544651,-2.344547166351E-17,
    6.317744656508));
#55 = CARTESIAN_POINT('',(5.839127544651,-2.344547166351E-17,
    6.030574449394));
#56 = ( BOUNDED_SURFACE() B_SPLINE_SURFACE(2,2,(
    (#57,#58,#59,#60,#61)
    ,(#62,#63,#64,#65,#66)
    ,(#67,#68,#69,#70,#71
)),.UNSPECIFIED.,.F.,.F.,.F.) B_SPLINE_SURFACE_WITH_KNOTS((3,3),(3,2,3),
  (0.,1.570796326795),(0.,1.570796326795,3.14159265359),
.PIECEWISE_BEZIER_KNOTS.) GEOMETRIC_REPRESENTATION_ITEM() 
RATIONAL_B_SPLINE_SURFACE((
    (1.,0.707106781187,1.,0.707106781187,1.)
    ,(0.707106781187,0.5,0.707106781187,0.5,0.707106781187)
,(1.,0.707106781187,1.,0.707106781187,1.
))) REPRESENTATION_ITEM('') SURFACE() );
#57 = CARTESIAN_POINT('',(5.551957337537,0.,6.700638265993));
#58 = CARTESIAN_POINT('',(5.551957337537,0.191446804743,6.700638265993)
  );
#59 = CARTESIAN_POINT('',(5.551957337537,0.191446804743,6.50919146125));
#60 = CARTESIAN_POINT('',(5.551957337537,0.191446804743,6.317744656508)
  );
#61 = CARTESIAN_POINT('',(5.551957337537,2.344547166351E-17,
    6.317744656508));
#62 = CARTESIAN_POINT('',(6.222021154136,0.,6.700638265993));
#63 = CARTESIAN_POINT('',(6.222021154136,0.191446804743,6.700638265993)
  );
#64 = CARTESIAN_POINT('',(6.030574349394,0.191446804743,6.50919146125));
#65 = CARTESIAN_POINT('',(5.839127544651,0.191446804743,6.317744656508)
  );
#66 = CARTESIAN_POINT('',(5.839127544651,2.344547166351E-17,
    6.317744656508));
#67 = CARTESIAN_POINT('',(6.222021154136,0.,6.030574449394));
#68 = CARTESIAN_POINT('',(6.222021154136,0.191446804743,6.030574449394)
  );
#69 = CARTESIAN_POINT('',(6.030574349394,0.191446804743,6.030574449394)
  );
#70 = CARTESIAN_POINT('',(5.839127544651,0.191446804743,6.030574449394)
  );
#71 = CARTESIAN_POINT('',(5.839127544651,2.344547166351E-17,
    6.030574449394));
#72 = ADVANCED_FACE('',(#73),#111,.T.);
#73 = FACE_BOUND('',#74,.T.);
#74 = EDGE_LOOP('',(#75,#87,#95,#105));
#75 = ORIENTED_EDGE('',*,*,#76,.F.);
#76 = EDGE_CURVE('',#77,#79,#81,.T.);
#77 = VERTEX_POINT('',#78);
#78 = CARTESIAN_POINT('',(-6.222021154136,2.344547166351E-17,
    6.030574449394));
#79 = VERTEX_POINT('',#80);
#80 = CARTESIAN_POINT('',(-5.839127544651,0.,6.030574449394));
#81 = ( BOUNDED_CURVE() B_SPLINE_CURVE(2,(#82,#83,#84,#85,#86),
.UNSPECIFIED.,.F.,.F.) B_SPLINE_CURVE_WITH_KNOTS((3,2,3),(0.,
1.570796326795,3.14159265359),.PIECEWISE_BEZIER_KNOTS.) CURVE() 
GEOMETRIC_REPRESENTATION_ITEM() RATIONAL_B_SPLINE_CURVE((1.,
0.707106781187,1.,0.707106781187,1.)) REPRESENTATION_ITEM('') );
#82 = CARTESIAN_POINT('',(-6.222021154136,0.,6.030574449394));
#83 = CARTESIAN_POINT('',(-6.222021154136,0.191446804743,6.030574449394)
  );
#84 = CARTESIAN_POINT('',(-6.030574349394,0.191446804743,6.030574449394)
  );
#85 = CARTESIAN_POINT('',(-5.839127544651,0.191446804743,6.030574449394)
  );
#86 = CARTESIAN_POINT('',(-5.839127544651,2.344547166351E-17,
    6.030574449394));
#87 = ORIENTED_EDGE('',*,*,#88,.T.);
#88 = EDGE_CURVE('',#77,#89,#91,.T.);
#89 = VERTEX_POINT('',#90);
#90 = CARTESIAN_POINT('',(-5.551957337537,2.344547166351E-17,
    6.700638265993));
#91 = ( BOUNDED_CURVE() B_SPLINE_CURVE(2,(#92,#93,#94),.UNSPECIFIED.,.F.
,.F.) B_SPLINE_CURVE_WITH_KNOTS((3,3),(4.712388980385,6.28318530718),
.PIECEWISE_BEZIER_KNOTS.) CURVE() GEOMETRIC_REPRESENTATION_ITEM() 
RATIONAL_B_SPLINE_CURVE((1.,0.707106781187,1.)) REPRESENTATION_ITEM('') 
  );
#92 = CARTESIAN_POINT('',(-6.222021154136,0.,6.030574449394));
#93 = CARTESIAN_POINT('',(-6.222021154136,0.,6.700638265993));
#94 = CARTESIAN_POINT('',(-5.551957337537,0.,6.700638265993));
#95 = ORIENTED_EDGE('',*,*,#96,.T.);
#96 = EDGE_CURVE('',#89,#97,#99,.T.);
#97 = VERTEX_POINT('',#98);
#98 = CARTESIAN_POINT('',(-5.551957337537,0.,6.317744656508));
#99 = ( BOUNDED_CURVE() B_SPLINE_CURVE(2,(#100,#101,#102,#103,#104),
.UNSPECIFIED.,.F.,.F.) B_SPLINE_CURVE_WITH_KNOTS((3,2,3),(0.,
1.570796326795,3.14159265359),.PIECEWISE_BEZIER_KNOTS.) CURVE() 
GEOMETRIC_REPRESENTATION_ITEM() RATIONAL_B_SPLINE_CURVE((1.,
0.707106781187,1.,0.707106781187,1.)) REPRESENTATION_ITEM('') );
#100 = CARTESIAN_POINT('',(-5.551957337537,0.,6.700638265993));
#101 = CARTESIAN_POINT('',(-5.551957337537,0.191446804743,6.700638265993
    ));
#102 = CARTESIAN_POINT('',(-5.551957337537,0.191446804743,6.50919146125)
  );
#103 = CARTESIAN_POINT('',(-5.551957337537,0.191446804743,6.317744656508
    ));
#104 = CARTESIAN_POINT('',(-5.551957337537,2.344547166351E-17,
    6.317744656508));
#105 = ORIENTED_EDGE('',*,*,#106,.F.);
#106 = EDGE_CURVE('',#79,#97,#107,.T.);
#107 = ( BOUNDED_CURVE() B_SPLINE_CURVE(2,(#108,#109,#110),
.UNSPECIFIED.,.F.,.F.) B_SPLINE_CURVE_WITH_KNOTS((3,3),(4.712388980385,
6.28318530718),.PIECEWISE_BEZIER_KNOTS.) CURVE() 
GEOMETRIC_REPRESENTATION_ITEM() RATIONAL_B_SPLINE_CURVE((1.,
0.707106781187,1.)) REPRESENTATION_ITEM('') );
#108 = CARTESIAN_POINT('',(-5.839127544651,-2.344547166351E-17,
    6.030574449394));
#109 = CARTESIAN_POINT('',(-5.839127544651,-2.344547166351E-17,
    6.317744656508));
#110 = CARTESIAN_POINT('',(-5.551957337537,-2.344547166351E-17,
    6.317744656508));
#111 = ( BOUNDED_SURFACE() B_SPLINE_SURFACE(2,2,(
    (#112,#113,#114,#115,#116)
    ,(#117,#118,#119,#120,#121)
    ,(#122,#123,#124,#125,#126
)),.UNSPECIFIED.,.F.,.F.,.F.) B_SPLINE_SURFACE_WITH_KNOTS((3,3),(3,2,3),
  (4.712388980385,6.28318530718),(0.,1.570796326795,3.14159265359),
.PIECEWISE_BEZIER_KNOTS.) GEOMETRIC_REPRESENTATION_ITEM() 
RATIONAL_B_SPLINE_SURFACE((
    (1.,0.707106781187,1.,0.707106781187,1.)
    ,(0.707106781187,0.5,0.707106781187,0.5,0.707106781187)
,(1.,0.707106781187,1.,0.707106781187,1.
))) REPRESENTATION_ITEM('') SURFACE() );
#112 = CARTESIAN_POINT('',(-6.222021154136,0.,6.030574449394));
#113 = CARTESIAN_POINT('',(-6.222021154136,0.191446804743,6.030574449394
    ));
#114 = CARTESIAN_POINT('',(-6.030574349394,0.191446804743,6.030574449394
    ));
#115 = CARTESIAN_POINT('',(-5.839127544651,0.191446804743,6.030574449394
    ));
#116 = CARTESIAN_POINT('',(-5.839127544651,2.344547166351E-17,
    6.030574449394));
#117 = CARTESIAN_POINT('',(-6.222021154136,0.,6.700638265993));
#118 = CARTESIAN_POINT('',(-6.222021154136,0.191446804743,6.700638265993
    ));
#119 = CARTESIAN_POINT('',(-6.030574349394,0.191446804743,6.50919146125)
  );
#120 = CARTESIAN_POINT('',(-5.839127544651,0.191446804743,6.317744656508
    ));
#121 = CARTESIAN_POINT('',(-5.839127544651,2.344547166351E-17,
    6.317744656508));
#122 = CARTESIAN_POINT('',(-5.551957337537,0.,6.700638265993));
#123 = CARTESIAN_POINT('',(-5.551957337537,0.191446804743,6.700638265993
    ));
#124 = CARTESIAN_POINT('',(-5.551957337537,0.191446804743,6.50919146125)
  );
#125 = CARTESIAN_POINT('',(-5.551957337537,0.191446804743,6.317744656508
    ));
#126 = CARTESIAN_POINT('',(-5.551957337537,2.344547166351E-17,
    6.317744656508));
#127 = ADVANCED_FACE('',(#128),#153,.T.);
#128 = FACE_BOUND('',#129,.T.);
#129 = EDGE_LOOP('',(#130,#131,#138,#148));
#130 = ORIENTED_EDGE('',*,*,#41,.F.);
#131 = ORIENTED_EDGE('',*,*,#132,.T.);
#132 = EDGE_CURVE('',#34,#133,#135,.T.);
#133 = VERTEX_POINT('',#134);
#134 = CARTESIAN_POINT('',(6.222021154136,2.344547166351E-17,
    1.000000002804E-07));
#135 = B_SPLINE_CURVE_WITH_KNOTS('',1,(#136,#137),.UNSPECIFIED.,.F.,.F.,
  (2,2),(0.,6.030574349394),.PIECEWISE_BEZIER_KNOTS.);
#136 = CARTESIAN_POINT('',(6.222021154136,2.344547166351E-17,
    6.030574449394));
#137 = CARTESIAN_POINT('',(6.222021154136,2.344547166351E-17,
    1.000000002804E-07));
#138 = ORIENTED_EDGE('',*,*,#139,.T.);
#139 = EDGE_CURVE('',#133,#140,#142,.T.);
#140 = VERTEX_POINT('',#141);
#141 = CARTESIAN_POINT('',(5.839127544651,0.,1.000000002804E-07));
#142 = ( BOUNDED_CURVE() B_SPLINE_CURVE(2,(#143,#144,#145,#146,#147),
.UNSPECIFIED.,.F.,.F.) B_SPLINE_CURVE_WITH_KNOTS((3,2,3),(0.,
1.570796326795,3.14159265359),.PIECEWISE_BEZIER_KNOTS.) CURVE() 
GEOMETRIC_REPRESENTATION_ITEM() RATIONAL_B_SPLINE_CURVE((1.,
0.707106781187,1.,0.707106781187,1.)) REPRESENTATION_ITEM('') );
#143 = CARTESIAN_POINT('',(6.222021154136,0.,1.000000002804E-07));
#144 = CARTESIAN_POINT('',(6.222021154136,0.191446804743,
    1.000000002804E-07));
#145 = CARTESIAN_POINT('',(6.030574349394,0.191446804743,
    1.000000002804E-07));
#146 = CARTESIAN_POINT('',(5.839127544651,0.191446804743,
    1.000000002804E-07));
#147 = CARTESIAN_POINT('',(5.839127544651,2.344547166351E-17,
    1.000000002804E-07));
#148 = ORIENTED_EDGE('',*,*,#149,.F.);
#149 = EDGE_CURVE('',#42,#140,#150,.T.);
#150 = B_SPLINE_CURVE_WITH_KNOTS('',1,(#151,#152),.UNSPECIFIED.,.F.,.F.,
  (2,2),(0.,6.030574349394),.PIECEWISE_BEZIER_KNOTS.);
#151 = CARTESIAN_POINT('',(5.839127544651,0.,6.030574449394));
#152 = CARTESIAN_POINT('',(5.839127544651,0.,1.000000002804E-07));
#153 = ( BOUNDED_SURFACE() B_SPLINE_SURFACE(2,1,(
    (#154,#155)
    ,(#156,#157)
    ,(#158,#159)
    ,(#160,#161)
,(#162,#163
    )),.UNSPECIFIED.,.F.,.F.,.F.) B_SPLINE_SURFACE_WITH_KNOTS((3,2,3),(2
    ,2),(0.,1.570796326795,3.14159265359),(0.,6.030574349394),
.PIECEWISE_BEZIER_KNOTS.) GEOMETRIC_REPRESENTATION_ITEM() 
RATIONAL_B_SPLINE_SURFACE((
    (1.,1.)
    ,(0.707106781187,0.707106781187)
    ,(1.,1.)
    ,(0.707106781187,0.707106781187)
,(1.,1.))) REPRESENTATION_ITEM('') SURFACE() );
#154 = CARTESIAN_POINT('',(5.839127544651,0.,6.030574449394));
#155 = CARTESIAN_POINT('',(5.839127544651,0.,1.000000002804E-07));
#156 = CARTESIAN_POINT('',(5.839127544651,0.191446804743,6.030574449394)
  );
#157 = CARTESIAN_POINT('',(5.839127544651,0.191446804743,
    1.000000002804E-07));
#158 = CARTESIAN_POINT('',(6.030574349394,0.191446804743,6.030574449394)
  );
#159 = CARTESIAN_POINT('',(6.030574349394,0.191446804743,
    1.000000002804E-07));
#160 = CARTESIAN_POINT('',(6.222021154136,0.191446804743,6.030574449394)
  );
#161 = CARTESIAN_POINT('',(6.222021154136,0.191446804743,
    1.000000002804E-07));
#162 = CARTESIAN_POINT('',(6.222021154136,2.344547166351E-17,
    6.030574449394));
#163 = CARTESIAN_POINT('',(6.222021154136,2.344547166351E-17,
    1.000000002804E-07));
#164 = ADVANCED_FACE('',(#165),#190,.T.);
#165 = FACE_BOUND('',#166,.T.);
#166 = EDGE_LOOP('',(#167,#179,#184,#185));
#167 = ORIENTED_EDGE('',*,*,#168,.F.);
#168 = EDGE_CURVE('',#169,#171,#173,.T.);
#169 = VERTEX_POINT('',#170);
#170 = CARTESIAN_POINT('',(4.909728277854,2.344547166351E-17,
    6.700638265993));
#171 = VERTEX_POINT('',#172);
#172 = CARTESIAN_POINT('',(4.909728277854,0.,6.317744656508));
#173 = ( BOUNDED_CURVE() B_SPLINE_CURVE(2,(#174,#175,#176,#177,#178),
.UNSPECIFIED.,.F.,.F.) B_SPLINE_CURVE_WITH_KNOTS((3,2,3),(3.14159265359,
4.712388980385,6.28318530718),.PIECEWISE_BEZIER_KNOTS.) CURVE() 
GEOMETRIC_REPRESENTATION_ITEM() RATIONAL_B_SPLINE_CURVE((1.,
0.707106781187,1.,0.707106781187,1.)) REPRESENTATION_ITEM('') );
#174 = CARTESIAN_POINT('',(4.909728277854,-2.344547166351E-17,
    6.700638265993));
#175 = CARTESIAN_POINT('',(4.909728277854,0.191446804743,6.700638265993)
  );
#176 = CARTESIAN_POINT('',(4.909728277854,0.191446804743,6.50919146125)
  );
#177 = CARTESIAN_POINT('',(4.909728277854,0.191446804743,6.317744656508)
  );
#178 = CARTESIAN_POINT('',(4.909728277854,4.689094332702E-17,
    6.317744656508));
#179 = ORIENTED_EDGE('',*,*,#180,.T.);
#180 = EDGE_CURVE('',#169,#22,#181,.T.);
#181 = B_SPLINE_CURVE_WITH_KNOTS('',1,(#182,#183),.UNSPECIFIED.,.F.,.F.,
  (2,2),(4.909728277854,5.551957337537),.PIECEWISE_BEZIER_KNOTS.);
#182 = CARTESIAN_POINT('',(4.909728277854,2.344547166351E-17,
    6.700638265993));
#183 = CARTESIAN_POINT('',(5.551957337537,2.344547166351E-17,
    6.700638265993));
#184 = ORIENTED_EDGE('',*,*,#21,.T.);
#185 = ORIENTED_EDGE('',*,*,#186,.F.);
#186 = EDGE_CURVE('',#171,#24,#187,.T.);
#187 = B_SPLINE_CURVE_WITH_KNOTS('',1,(#188,#189),.UNSPECIFIED.,.F.,.F.,
  (2,2),(4.909728277854,5.551957337537),.PIECEWISE_BEZIER_KNOTS.);
#188 = CARTESIAN_POINT('',(4.909728277854,0.,6.317744656508));
#189 = CARTESIAN_POINT('',(5.551957337537,0.,6.317744656508));
#190 = ( BOUNDED_SURFACE() B_SPLINE_SURFACE(2,1,(
    (#191,#192)
    ,(#193,#194)
    ,(#195,#196)
    ,(#197,#198)
,(#199,#200
    )),.UNSPECIFIED.,.F.,.F.,.F.) B_SPLINE_SURFACE_WITH_KNOTS((3,2,3),(2
    ,2),(0.,1.570796326795,3.14159265359),(4.909728277854,5.551957337537
),.PIECEWISE_BEZIER_KNOTS.) GEOMETRIC_REPRESENTATION_ITEM() 
RATIONAL_B_SPLINE_SURFACE((
    (1.,1.)
    ,(0.707106781187,0.707106781187)
    ,(1.,1.)
    ,(0.707106781187,0.707106781187)
,(1.,1.))) REPRESENTATION_ITEM('') SURFACE() );
#191 = CARTESIAN_POINT('',(4.909728277854,0.,6.317744656508));
#192 = CARTESIAN_POINT('',(5.551957337537,0.,6.317744656508));
#193 = CARTESIAN_POINT('',(4.909728277854,0.191446804743,6.317744656508)
  );
#194 = CARTESIAN_POINT('',(5.551957337537,0.191446804743,6.317744656508)
  );
#195 = CARTESIAN_POINT('',(4.909728277854,0.191446804743,6.50919146125)
  );
#196 = CARTESIAN_POINT('',(5.551957337537,0.191446804743,6.50919146125)
  );
#197 = CARTESIAN_POINT('',(4.909728277854,0.191446804743,6.700638265993)
  );
#198 = CARTESIAN_POINT('',(5.551957337537,0.191446804743,6.700638265993)
  );
#199 = CARTESIAN_POINT('',(4.909728277854,2.344547166351E-17,
    6.700638265993));
#200 = CARTESIAN_POINT('',(5.551957337537,2.344547166351E-17,
    6.700638265993));
#201 = ADVANCED_FACE('',(#202),#227,.T.);
#202 = FACE_BOUND('',#203,.T.);
#203 = EDGE_LOOP('',(#204,#205,#212,#222));
#204 = ORIENTED_EDGE('',*,*,#96,.F.);
#205 = ORIENTED_EDGE('',*,*,#206,.T.);
#206 = EDGE_CURVE('',#89,#207,#209,.T.);
#207 = VERTEX_POINT('',#208);
#208 = CARTESIAN_POINT('',(-4.909728277854,2.344547166351E-17,
    6.700638265993));
#209 = B_SPLINE_CURVE_WITH_KNOTS('',1,(#210,#211),.UNSPECIFIED.,.F.,.F.,
  (2,2),(0.,0.642229059683),.PIECEWISE_BEZIER_KNOTS.);
#210 = CARTESIAN_POINT('',(-5.551957337537,2.344547166351E-17,
    6.700638265993));
#211 = CARTESIAN_POINT('',(-4.909728277854,2.344547166351E-17,
    6.700638265993));
#212 = ORIENTED_EDGE('',*,*,#213,.F.);
#213 = EDGE_CURVE('',#214,#207,#216,.T.);
#214 = VERTEX_POINT('',#215);
#215 = CARTESIAN_POINT('',(-4.909728277854,0.,6.317744656508));
#216 = ( BOUNDED_CURVE() B_SPLINE_CURVE(2,(#217,#218,#219,#220,#221),
.UNSPECIFIED.,.F.,.F.) B_SPLINE_CURVE_WITH_KNOTS((3,2,3),(3.14159265359,
4.712388980385,6.28318530718),.PIECEWISE_BEZIER_KNOTS.) CURVE() 
GEOMETRIC_REPRESENTATION_ITEM() RATIONAL_B_SPLINE_CURVE((1.,
0.707106781187,1.,0.707106781187,1.)) REPRESENTATION_ITEM('') );
#217 = CARTESIAN_POINT('',(-4.909728277854,-2.344547166351E-17,
    6.317744656508));
#218 = CARTESIAN_POINT('',(-4.909728277854,0.191446804743,6.317744656508
    ));
#219 = CARTESIAN_POINT('',(-4.909728277854,0.191446804743,6.50919146125)
  );
#220 = CARTESIAN_POINT('',(-4.909728277854,0.191446804743,6.700638265993
    ));
#221 = CARTESIAN_POINT('',(-4.909728277854,4.689094332702E-17,
    6.700638265993));
#222 = ORIENTED_EDGE('',*,*,#223,.F.);
#223 = EDGE_CURVE('',#97,#214,#224,.T.);
#224 = B_SPLINE_CURVE_WITH_KNOTS('',1,(#225,#226),.UNSPECIFIED.,.F.,.F.,
  (2,2),(0.,0.642229059683),.PIECEWISE_BEZIER_KNOTS.);
#225 = CARTESIAN_POINT('',(-5.551957337537,0.,6.317744656508));
#226 = CARTESIAN_POINT('',(-4.909728277854,0.,6.317744656508));
#227 = ( BOUNDED_SURFACE() B_SPLINE_SURFACE(2,1,(
    (#228,#229)
    ,(#230,#231)
    ,(#232,#233)
    ,(#234,#235)
,(#236,#237
    )),.UNSPECIFIED.,.F.,.F.,.F.) B_SPLINE_SURFACE_WITH_KNOTS((3,2,3),(2
    ,2),(0.,1.570796326795,3.14159265359),(0.,0.642229059683),
.PIECEWISE_BEZIER_KNOTS.) GEOMETRIC_REPRESENTATION_ITEM() 
RATIONAL_B_SPLINE_SURFACE((
    (1.,1.)
    ,(0.707106781187,0.707106781187)
    ,(1.,1.)
    ,(0.707106781187,0.707106781187)
,(1.,1.))) REPRESENTATION_ITEM('') SURFACE() );
#228 = CARTESIAN_POINT('',(-5.551957337537,0.,6.317744656508));
#229 = CARTESIAN_POINT('',(-4.909728277854,0.,6.317744656508));
#230 = CARTESIAN_POINT('',(-5.551957337537,0.191446804743,6.317744656508
    ));
#231 = CARTESIAN_POINT('',(-4.909728277854,0.191446804743,6.317744656508
    ));
#232 = CARTESIAN_POINT('',(-5.551957337537,0.191446804743,6.50919146125)
  );
#233 = CARTESIAN_POINT('',(-4.909728277854,0.191446804743,6.50919146125)
  );
#234 = CARTESIAN_POINT('',(-5.551957337537,0.191446804743,6.700638265993
    ));
#235 = CARTESIAN_POINT('',(-4.909728277854,0.191446804743,6.700638265993
    ));
#236 = CARTESIAN_POINT('',(-5.551957337537,2.344547166351E-17,
    6.700638265993));
#237 = CARTESIAN_POINT('',(-4.909728277854,2.344547166351E-17,
    6.700638265993));
#238 = ADVANCED_FACE('',(#239),#264,.T.);
#239 = FACE_BOUND('',#240,.T.);
#240 = EDGE_LOOP('',(#241,#253,#258,#259));
#241 = ORIENTED_EDGE('',*,*,#242,.F.);
#242 = EDGE_CURVE('',#243,#245,#247,.T.);
#243 = VERTEX_POINT('',#244);
#244 = CARTESIAN_POINT('',(-6.222021154136,2.344547166351E-17,
    1.000000011686E-07));
#245 = VERTEX_POINT('',#246);
#246 = CARTESIAN_POINT('',(-5.839127544651,0.,1.000000011686E-07));
#247 = ( BOUNDED_CURVE() B_SPLINE_CURVE(2,(#248,#249,#250,#251,#252),
.UNSPECIFIED.,.F.,.F.) B_SPLINE_CURVE_WITH_KNOTS((3,2,3),(0.,
1.570796326795,3.14159265359),.PIECEWISE_BEZIER_KNOTS.) CURVE() 
GEOMETRIC_REPRESENTATION_ITEM() RATIONAL_B_SPLINE_CURVE((1.,
0.707106781187,1.,0.707106781187,1.)) REPRESENTATION_ITEM('') );
#248 = CARTESIAN_POINT('',(-6.222021154136,0.,1.000000011686E-07));
#249 = CARTESIAN_POINT('',(-6.222021154136,0.191446804743,
    1.000000011686E-07));
#250 = CARTESIAN_POINT('',(-6.030574349394,0.191446804743,
    1.000000011686E-07));
#251 = CARTESIAN_POINT('',(-5.839127544651,0.191446804743,
    1.000000011686E-07));
#252 = CARTESIAN_POINT('',(-5.839127544651,2.344547166351E-17,
    1.000000011686E-07));
#253 = ORIENTED_EDGE('',*,*,#254,.T.);
#254 = EDGE_CURVE('',#243,#77,#255,.T.);
#255 = B_SPLINE_CURVE_WITH_KNOTS('',1,(#256,#257),.UNSPECIFIED.,.F.,.F.,
  (2,2),(0.,6.030574349394),.PIECEWISE_BEZIER_KNOTS.);
#256 = CARTESIAN_POINT('',(-6.222021154136,2.344547166351E-17,
    1.000000011686E-07));
#257 = CARTESIAN_POINT('',(-6.222021154136,2.344547166351E-17,
    6.030574449394));
#258 = ORIENTED_EDGE('',*,*,#76,.T.);
#259 = ORIENTED_EDGE('',*,*,#260,.F.);
#260 = EDGE_CURVE('',#245,#79,#261,.T.);
#261 = B_SPLINE_CURVE_WITH_KNOTS('',1,(#262,#263),.UNSPECIFIED.,.F.,.F.,
  (2,2),(0.,6.030574349394),.PIECEWISE_BEZIER_KNOTS.);
#262 = CARTESIAN_POINT('',(-5.839127544651,0.,1.000000011686E-07));
#263 = CARTESIAN_POINT('',(-5.839127544651,0.,6.030574449394));
#264 = ( BOUNDED_SURFACE() B_SPLINE_SURFACE(2,1,(
    (#265,#266)
    ,(#267,#268)
    ,(#269,#270)
    ,(#271,#272)
,(#273,#274
    )),.UNSPECIFIED.,.F.,.F.,.F.) B_SPLINE_SURFACE_WITH_KNOTS((3,2,3),(2
    ,2),(0.,1.570796326795,3.14159265359),(0.,6.030574349394),
.PIECEWISE_BEZIER_KNOTS.) GEOMETRIC_REPRESENTATION_ITEM() 
RATIONAL_B_SPLINE_SURFACE((
    (1.,1.)
    ,(0.707106781187,0.707106781187)
    ,(1.,1.)
    ,(0.707106781187,0.707106781187)
,(1.,1.))) REPRESENTATION_ITEM('') SURFACE() );
#265 = CARTESIAN_POINT('',(-5.839127544651,0.,1.000000011686E-07));
#266 = CARTESIAN_POINT('',(-5.839127544651,0.,6.030574449394));
#267 = CARTESIAN_POINT('',(-5.839127544651,0.191446804743,
    1.000000011686E-07));
#268 = CARTESIAN_POINT('',(-5.839127544651,0.191446804743,6.030574449394
    ));
#269 = CARTESIAN_POINT('',(-6.030574349394,0.191446804743,
    1.000000011686E-07));
#270 = CARTESIAN_POINT('',(-6.030574349394,0.191446804743,6.030574449394
    ));
#271 = CARTESIAN_POINT('',(-6.222021154136,0.191446804743,
    1.000000011686E-07));
#272 = CARTESIAN_POINT('',(-6.222021154136,0.191446804743,6.030574449394
    ));
#273 = CARTESIAN_POINT('',(-6.222021154136,2.344547166351E-17,
    1.000000011686E-07));
#274 = CARTESIAN_POINT('',(-6.222021154136,2.344547166351E-17,
    6.030574449394));
#275 = ADVANCED_FACE('',(#276),#312,.T.);
#276 = FACE_BOUND('',#277,.T.);
#277 = EDGE_LOOP('',(#278,#290,#297,#307));
#278 = ORIENTED_EDGE('',*,*,#279,.T.);
#279 = EDGE_CURVE('',#280,#282,#284,.T.);
#280 = VERTEX_POINT('',#281);
#281 = CARTESIAN_POINT('',(-4.62255807074,0.,4.786170218566));
#282 = VERTEX_POINT('',#283);
#283 = CARTESIAN_POINT('',(-4.62255807074,2.110092449716E-16,
    8.232212703934));
#284 = ( BOUNDED_CURVE() B_SPLINE_CURVE(2,(#285,#286,#287,#288,#289),
.UNSPECIFIED.,.F.,.F.) B_SPLINE_CURVE_WITH_KNOTS((3,2,3),(0.,
1.570796326795,3.14159265359),.PIECEWISE_BEZIER_KNOTS.) CURVE() 
GEOMETRIC_REPRESENTATION_ITEM() RATIONAL_B_SPLINE_CURVE((1.,
0.707106781187,1.,0.707106781187,1.)) REPRESENTATION_ITEM('') );
#285 = CARTESIAN_POINT('',(-4.62255807074,0.,4.786170218566));
#286 = CARTESIAN_POINT('',(-4.62255807074,1.723021242684,4.786170218566)
  );
#287 = CARTESIAN_POINT('',(-4.62255807074,1.723021242684,6.50919146125)
  );
#288 = CARTESIAN_POINT('',(-4.62255807074,1.723021242684,8.232212703934)
  );
#289 = CARTESIAN_POINT('',(-4.62255807074,2.110092449716E-16,
    8.232212703934));
#290 = ORIENTED_EDGE('',*,*,#291,.T.);
#291 = EDGE_CURVE('',#282,#292,#294,.T.);
#292 = VERTEX_POINT('',#293);
#293 = CARTESIAN_POINT('',(4.62255807074,2.110092449716E-16,
    8.232212703934));
#294 = B_SPLINE_CURVE_WITH_KNOTS('',1,(#295,#296),.UNSPECIFIED.,.F.,.F.,
  (2,2),(0.287170207114,9.532286348595),.PIECEWISE_BEZIER_KNOTS.);
#295 = CARTESIAN_POINT('',(-4.62255807074,2.110092449716E-16,
    8.232212703934));
#296 = CARTESIAN_POINT('',(4.62255807074,2.110092449716E-16,
    8.232212703934));
#297 = ORIENTED_EDGE('',*,*,#298,.F.);
#298 = EDGE_CURVE('',#299,#292,#301,.T.);
#299 = VERTEX_POINT('',#300);
#300 = CARTESIAN_POINT('',(4.62255807074,0.,4.786170218566));
#301 = ( BOUNDED_CURVE() B_SPLINE_CURVE(2,(#302,#303,#304,#305,#306),
.UNSPECIFIED.,.F.,.F.) B_SPLINE_CURVE_WITH_KNOTS((3,2,3),(0.,
1.570796326795,3.14159265359),.PIECEWISE_BEZIER_KNOTS.) CURVE() 
GEOMETRIC_REPRESENTATION_ITEM() RATIONAL_B_SPLINE_CURVE((1.,
0.707106781187,1.,0.707106781187,1.)) REPRESENTATION_ITEM('') );
#302 = CARTESIAN_POINT('',(4.62255807074,0.,4.786170218566));
#303 = CARTESIAN_POINT('',(4.62255807074,1.723021242684,4.786170218566)
  );
#304 = CARTESIAN_POINT('',(4.62255807074,1.723021242684,6.50919146125));
#305 = CARTESIAN_POINT('',(4.62255807074,1.723021242684,8.232212703934)
  );
#306 = CARTESIAN_POINT('',(4.62255807074,2.110092449716E-16,
    8.232212703934));
#307 = ORIENTED_EDGE('',*,*,#308,.F.);
#308 = EDGE_CURVE('',#280,#299,#309,.T.);
#309 = B_SPLINE_CURVE_WITH_KNOTS('',1,(#310,#311),.UNSPECIFIED.,.F.,.F.,
  (2,2),(0.287170207114,9.532286348595),.PIECEWISE_BEZIER_KNOTS.);
#310 = CARTESIAN_POINT('',(-4.62255807074,0.,4.786170218566));
#311 = CARTESIAN_POINT('',(4.62255807074,0.,4.786170218566));
#312 = ( BOUNDED_SURFACE() B_SPLINE_SURFACE(2,1,(
    (#313,#314)
    ,(#315,#316)
    ,(#317,#318)
    ,(#319,#320)
,(#321,#322
    )),.UNSPECIFIED.,.F.,.F.,.F.) B_SPLINE_SURFACE_WITH_KNOTS((3,2,3),(2
    ,2),(0.,1.570796326795,3.14159265359),(0.287170207114,9.532286348595
),.PIECEWISE_BEZIER_KNOTS.) GEOMETRIC_REPRESENTATION_ITEM() 
RATIONAL_B_SPLINE_SURFACE((
    (1.,1.)
    ,(0.707106781187,0.707106781187)
    ,(1.,1.)
    ,(0.707106781187,0.707106781187)
,(1.,1.))) REPRESENTATION_ITEM('') SURFACE() );
#313 = CARTESIAN_POINT('',(-4.62255807074,0.,4.786170218566));
#314 = CARTESIAN_POINT('',(4.62255807074,0.,4.786170218566));
#315 = CARTESIAN_POINT('',(-4.62255807074,1.723021242684,4.786170218566)
  );
#316 = CARTESIAN_POINT('',(4.62255807074,1.723021242684,4.786170218566)
  );
#317 = CARTESIAN_POINT('',(-4.62255807074,1.723021242684,6.50919146125)
  );
#318 = CARTESIAN_POINT('',(4.62255807074,1.723021242684,6.50919146125));
#319 = CARTESIAN_POINT('',(-4.62255807074,1.723021242684,8.232212703934)
  );
#320 = CARTESIAN_POINT('',(4.62255807074,1.723021242684,8.232212703934)
  );
#321 = CARTESIAN_POINT('',(-4.62255807074,2.110092449716E-16,
    8.232212703934));
#322 = CARTESIAN_POINT('',(4.62255807074,2.110092449716E-16,
    8.232212703934));
#323 = ADVANCED_FACE('',(#324),#351,.T.);
#324 = FACE_BOUND('',#325,.T.);
#325 = EDGE_LOOP('',(#326,#327,#335,#345));
#326 = ORIENTED_EDGE('',*,*,#298,.T.);
#327 = ORIENTED_EDGE('',*,*,#328,.T.);
#328 = EDGE_CURVE('',#292,#329,#331,.T.);
#329 = VERTEX_POINT('',#330);
#330 = CARTESIAN_POINT('',(5.025478624495,1.907969425909E-16,
    8.067166729905));
#331 = ( BOUNDED_CURVE() B_SPLINE_CURVE(2,(#332,#333,#334),
.UNSPECIFIED.,.F.,.F.) B_SPLINE_CURVE_WITH_KNOTS((3,3),(0.,
0.777550788436),.PIECEWISE_BEZIER_KNOTS.) CURVE() 
GEOMETRIC_REPRESENTATION_ITEM() RATIONAL_B_SPLINE_CURVE((1.,
0.925373947148,1.)) REPRESENTATION_ITEM('') );
#332 = CARTESIAN_POINT('',(4.62255807074,2.110092449716E-16,
    8.232212703934));
#333 = CARTESIAN_POINT('',(4.857821752891,2.110092449716E-16,
    8.232212703934));
#334 = CARTESIAN_POINT('',(5.025478624495,1.907969425909E-16,
    8.067166729905));
#335 = ORIENTED_EDGE('',*,*,#336,.F.);
#336 = EDGE_CURVE('',#337,#329,#339,.T.);
#337 = VERTEX_POINT('',#338);
#338 = CARTESIAN_POINT('',(5.025478624495,0.,4.951216192595));
#339 = ( BOUNDED_CURVE() B_SPLINE_CURVE(2,(#340,#341,#342,#343,#344),
.UNSPECIFIED.,.F.,.F.) B_SPLINE_CURVE_WITH_KNOTS((3,2,3),(0.,
1.570796326795,3.14159265359),.PIECEWISE_BEZIER_KNOTS.) CURVE() 
GEOMETRIC_REPRESENTATION_ITEM() RATIONAL_B_SPLINE_CURVE((1.,
0.707106781187,1.,0.707106781187,1.)) REPRESENTATION_ITEM('') );
#340 = CARTESIAN_POINT('',(5.025478624495,0.,4.951216192595));
#341 = CARTESIAN_POINT('',(5.025478624495,1.557975268655,4.951216192595)
  );
#342 = CARTESIAN_POINT('',(5.025478624495,1.557975268655,6.50919146125)
  );
#343 = CARTESIAN_POINT('',(5.025478624495,1.557975268655,8.067166729905)
  );
#344 = CARTESIAN_POINT('',(5.025478624495,1.907969425909E-16,
    8.067166729905));
#345 = ORIENTED_EDGE('',*,*,#346,.F.);
#346 = EDGE_CURVE('',#299,#337,#347,.T.);
#347 = ( BOUNDED_CURVE() B_SPLINE_CURVE(2,(#348,#349,#350),
.UNSPECIFIED.,.F.,.F.) B_SPLINE_CURVE_WITH_KNOTS((3,3),(0.,
0.777550788436),.PIECEWISE_BEZIER_KNOTS.) CURVE() 
GEOMETRIC_REPRESENTATION_ITEM() RATIONAL_B_SPLINE_CURVE((1.,
0.925373947148,1.)) REPRESENTATION_ITEM('') );
#348 = CARTESIAN_POINT('',(4.62255807074,0.,4.786170218566));
#349 = CARTESIAN_POINT('',(4.857821752891,0.,4.786170218566));
#350 = CARTESIAN_POINT('',(5.025478624495,0.,4.951216192595));
#351 = ( BOUNDED_SURFACE() B_SPLINE_SURFACE(2,2,(
    (#352,#353,#354)
    ,(#355,#356,#357)
    ,(#358,#359,#360)
    ,(#361,#362,#363)
    ,(#364,#365,#366
)),.UNSPECIFIED.,.F.,.F.,.F.) B_SPLINE_SURFACE_WITH_KNOTS((3,2,3),(3,3),
  (0.,1.570796326795,3.14159265359),(0.,0.777550788436),
.PIECEWISE_BEZIER_KNOTS.) GEOMETRIC_REPRESENTATION_ITEM() 
RATIONAL_B_SPLINE_SURFACE((
    (1.,0.925373947148,1.)
    ,(0.707106781187,0.654338193162,0.707106781187)
    ,(1.,0.925373947148,1.)
    ,(0.707106781187,0.654338193162,0.707106781187)
,(1.,0.925373947148,1.))) REPRESENTATION_ITEM('') SURFACE() );
#352 = CARTESIAN_POINT('',(4.62255807074,0.,4.786170218566));
#353 = CARTESIAN_POINT('',(4.857821752891,0.,4.786170218566));
#354 = CARTESIAN_POINT('',(5.025478624495,0.,4.951216192595));
#355 = CARTESIAN_POINT('',(4.62255807074,1.723021242684,4.786170218566)
  );
#356 = CARTESIAN_POINT('',(4.857821752891,1.723021242684,4.786170218566)
  );
#357 = CARTESIAN_POINT('',(5.025478624495,1.557975268655,4.951216192595)
  );
#358 = CARTESIAN_POINT('',(4.62255807074,1.723021242684,6.50919146125));
#359 = CARTESIAN_POINT('',(4.857821752891,1.723021242684,6.50919146125)
  );
#360 = CARTESIAN_POINT('',(5.025478624495,1.557975268655,6.50919146125)
  );
#361 = CARTESIAN_POINT('',(4.62255807074,1.723021242684,8.232212703934)
  );
#362 = CARTESIAN_POINT('',(4.857821752891,1.723021242684,8.232212703934)
  );
#363 = CARTESIAN_POINT('',(5.025478624495,1.557975268655,8.067166729905)
  );
#364 = CARTESIAN_POINT('',(4.62255807074,2.110092449716E-16,
    8.232212703934));
#365 = CARTESIAN_POINT('',(4.857821752891,2.110092449716E-16,
    8.232212703934));
#366 = CARTESIAN_POINT('',(5.025478624495,1.907969425909E-16,
    8.067166729905));
#367 = ADVANCED_FACE('',(#368),#400,.F.);
#368 = FACE_BOUND('',#369,.F.);
#369 = EDGE_LOOP('',(#370,#377,#385,#392));
#370 = ORIENTED_EDGE('',*,*,#371,.T.);
#371 = EDGE_CURVE('',#372,#337,#374,.T.);
#372 = VERTEX_POINT('',#373);
#373 = CARTESIAN_POINT('',(4.991901911682,0.,4.985324062612));
#374 = B_SPLINE_CURVE_WITH_KNOTS('',1,(#375,#376),.UNSPECIFIED.,.F.,.F.,
  (2,2),(0.,4.786170118566E-02),.PIECEWISE_BEZIER_KNOTS.);
#375 = CARTESIAN_POINT('',(4.991901911682,0.,4.985324062612));
#376 = CARTESIAN_POINT('',(5.025478624495,0.,4.951216192595));
#377 = ORIENTED_EDGE('',*,*,#378,.F.);
#378 = EDGE_CURVE('',#329,#337,#379,.T.);
#379 = ( BOUNDED_CURVE() B_SPLINE_CURVE(2,(#380,#381,#382,#383,#384),
.UNSPECIFIED.,.F.,.F.) B_SPLINE_CURVE_WITH_KNOTS((3,2,3),(3.14159265359,
4.712388980385,6.28318530718),.PIECEWISE_BEZIER_KNOTS.) CURVE() 
GEOMETRIC_REPRESENTATION_ITEM() RATIONAL_B_SPLINE_CURVE((1.,
0.707106781187,1.,0.707106781187,1.)) REPRESENTATION_ITEM('') );
#380 = CARTESIAN_POINT('',(5.025478624495,1.907969425909E-16,
    8.067166729905));
#381 = CARTESIAN_POINT('',(5.025478624495,-1.557975268655,8.067166729905
    ));
#382 = CARTESIAN_POINT('',(5.025478624495,-1.557975268655,6.50919146125)
  );
#383 = CARTESIAN_POINT('',(5.025478624495,-1.557975268655,4.951216192595
    ));
#384 = CARTESIAN_POINT('',(5.025478624495,-3.815938851818E-16,
    4.951216192595));
#385 = ORIENTED_EDGE('',*,*,#386,.F.);
#386 = EDGE_CURVE('',#387,#329,#389,.T.);
#387 = VERTEX_POINT('',#388);
#388 = CARTESIAN_POINT('',(4.991901911682,1.958839051312E-16,
    8.033058859889));
#389 = B_SPLINE_CURVE_WITH_KNOTS('',1,(#390,#391),.UNSPECIFIED.,.F.,.F.,
  (2,2),(8.084898092724E-34,4.786170118566E-02),
  .PIECEWISE_BEZIER_KNOTS.);
#390 = CARTESIAN_POINT('',(4.991901911682,1.866199332068E-16,
    8.033058859889));
#391 = CARTESIAN_POINT('',(5.025478624495,1.907969425909E-16,
    8.067166729905));
#392 = ORIENTED_EDGE('',*,*,#393,.T.);
#393 = EDGE_CURVE('',#387,#372,#394,.T.);
#394 = ( BOUNDED_CURVE() B_SPLINE_CURVE(2,(#395,#396,#397,#398,#399),
.UNSPECIFIED.,.F.,.F.) B_SPLINE_CURVE_WITH_KNOTS((3,2,3),(3.14159265359,
4.712388980385,6.28318530718),.PIECEWISE_BEZIER_KNOTS.) CURVE() 
GEOMETRIC_REPRESENTATION_ITEM() RATIONAL_B_SPLINE_CURVE((1.,
0.707106781187,1.,0.707106781187,1.)) REPRESENTATION_ITEM('') );
#395 = CARTESIAN_POINT('',(4.991901911682,1.866199332068E-16,
    8.033058859889));
#396 = CARTESIAN_POINT('',(4.991901911682,-1.523867398638,8.033058859889
    ));
#397 = CARTESIAN_POINT('',(4.991901911682,-1.523867398638,6.50919146125)
  );
#398 = CARTESIAN_POINT('',(4.991901911682,-1.523867398638,4.985324062612
    ));
#399 = CARTESIAN_POINT('',(4.991901911682,-3.732398664135E-16,
    4.985324062612));
#400 = ( BOUNDED_SURFACE() B_SPLINE_SURFACE(2,1,(
    (#401,#402)
    ,(#403,#404)
    ,(#405,#406)
    ,(#407,#408)
,(#409,#410
    )),.UNSPECIFIED.,.F.,.F.,.F.) B_SPLINE_SURFACE_WITH_KNOTS((3,2,3),(2
    ,2),(3.14159265359,4.712388980385,6.28318530718),(
    -1.514693704534E-16,4.786170118566E-02),.PIECEWISE_BEZIER_KNOTS.) 
GEOMETRIC_REPRESENTATION_ITEM() RATIONAL_B_SPLINE_SURFACE((
    (1.,1.)
    ,(0.707106781187,0.707106781187)
    ,(1.,1.)
    ,(0.707106781187,0.707106781187)
,(1.,1.))) REPRESENTATION_ITEM('') SURFACE() );
#401 = CARTESIAN_POINT('',(4.991901911682,1.866199332068E-16,
    8.033058859889));
#402 = CARTESIAN_POINT('',(5.025478624495,1.907969425909E-16,
    8.067166729905));
#403 = CARTESIAN_POINT('',(4.991901911682,-1.523867398638,8.033058859889
    ));
#404 = CARTESIAN_POINT('',(5.025478624495,-1.557975268655,8.067166729905
    ));
#405 = CARTESIAN_POINT('',(4.991901911682,-1.523867398638,6.50919146125)
  );
#406 = CARTESIAN_POINT('',(5.025478624495,-1.557975268655,6.50919146125)
  );
#407 = CARTESIAN_POINT('',(4.991901911682,-1.523867398638,4.985324062612
    ));
#408 = CARTESIAN_POINT('',(5.025478624495,-1.557975268655,4.951216192595
    ));
#409 = CARTESIAN_POINT('',(4.991901911682,-3.732398664135E-16,
    4.985324062612));
#410 = CARTESIAN_POINT('',(5.025478624495,-3.815938851818E-16,
    4.951216192595));
#411 = ADVANCED_FACE('',(#412),#439,.F.);
#412 = FACE_BOUND('',#413,.F.);
#413 = EDGE_LOOP('',(#414,#422,#423,#431));
#414 = ORIENTED_EDGE('',*,*,#415,.T.);
#415 = EDGE_CURVE('',#416,#372,#418,.T.);
#416 = VERTEX_POINT('',#417);
#417 = CARTESIAN_POINT('',(4.62255807074,0.,4.834031919752));
#418 = ( BOUNDED_CURVE() B_SPLINE_CURVE(2,(#419,#420,#421),
.UNSPECIFIED.,.F.,.F.) B_SPLINE_CURVE_WITH_KNOTS((3,3),(0.,
0.777550788436),.PIECEWISE_BEZIER_KNOTS.) CURVE() 
GEOMETRIC_REPRESENTATION_ITEM() RATIONAL_B_SPLINE_CURVE((1.,
0.925373947148,1.)) REPRESENTATION_ITEM('') );
#419 = CARTESIAN_POINT('',(4.62255807074,0.,4.834031919752));
#420 = CARTESIAN_POINT('',(4.838216446045,0.,4.834031919752));
#421 = CARTESIAN_POINT('',(4.991901911682,0.,4.985324062612));
#422 = ORIENTED_EDGE('',*,*,#393,.F.);
#423 = ORIENTED_EDGE('',*,*,#424,.F.);
#424 = EDGE_CURVE('',#425,#387,#427,.T.);
#425 = VERTEX_POINT('',#426);
#426 = CARTESIAN_POINT('',(4.62255807074,2.051478770557E-16,
    8.184351002748));
#427 = ( BOUNDED_CURVE() B_SPLINE_CURVE(2,(#428,#429,#430),
.UNSPECIFIED.,.F.,.F.) B_SPLINE_CURVE_WITH_KNOTS((3,3),(0.,
0.777550788436),.PIECEWISE_BEZIER_KNOTS.) CURVE() 
GEOMETRIC_REPRESENTATION_ITEM() RATIONAL_B_SPLINE_CURVE((1.,
0.925373947148,1.)) REPRESENTATION_ITEM('') );
#428 = CARTESIAN_POINT('',(4.62255807074,2.051478770557E-16,
    8.184351002748));
#429 = CARTESIAN_POINT('',(4.838216446045,2.051478770557E-16,
    8.184351002748));
#430 = CARTESIAN_POINT('',(4.991901911682,1.866199332068E-16,
    8.033058859889));
#431 = ORIENTED_EDGE('',*,*,#432,.T.);
#432 = EDGE_CURVE('',#425,#416,#433,.T.);
#433 = ( BOUNDED_CURVE() B_SPLINE_CURVE(2,(#434,#435,#436,#437,#438),
.UNSPECIFIED.,.F.,.F.) B_SPLINE_CURVE_WITH_KNOTS((3,2,3),(3.14159265359,
4.712388980385,6.28318530718),.PIECEWISE_BEZIER_KNOTS.) CURVE() 
GEOMETRIC_REPRESENTATION_ITEM() RATIONAL_B_SPLINE_CURVE((1.,
0.707106781187,1.,0.707106781187,1.)) REPRESENTATION_ITEM('') );
#434 = CARTESIAN_POINT('',(4.62255807074,2.051478770557E-16,
    8.184351002748));
#435 = CARTESIAN_POINT('',(4.62255807074,-1.675159541498,8.184351002748)
  );
#436 = CARTESIAN_POINT('',(4.62255807074,-1.675159541498,6.50919146125)
  );
#437 = CARTESIAN_POINT('',(4.62255807074,-1.675159541498,4.834031919752)
  );
#438 = CARTESIAN_POINT('',(4.62255807074,-4.102957541114E-16,
    4.834031919752));
#439 = ( BOUNDED_SURFACE() B_SPLINE_SURFACE(2,2,(
    (#440,#441,#442)
    ,(#443,#444,#445)
    ,(#446,#447,#448)
    ,(#449,#450,#451)
    ,(#452,#453,#454
)),.UNSPECIFIED.,.F.,.F.,.F.) B_SPLINE_SURFACE_WITH_KNOTS((3,2,3),(3,3),
  (3.14159265359,4.712388980385,6.28318530718),(0.,0.777550788436),
.PIECEWISE_BEZIER_KNOTS.) GEOMETRIC_REPRESENTATION_ITEM() 
RATIONAL_B_SPLINE_SURFACE((
    (1.,0.925373947148,1.)
    ,(0.707106781187,0.654338193162,0.707106781187)
    ,(1.,0.925373947148,1.)
    ,(0.707106781187,0.654338193162,0.707106781187)
,(1.,0.925373947148,1.))) REPRESENTATION_ITEM('') SURFACE() );
#440 = CARTESIAN_POINT('',(4.62255807074,2.051478770557E-16,
    8.184351002748));
#441 = CARTESIAN_POINT('',(4.838216446045,2.051478770557E-16,
    8.184351002748));
#442 = CARTESIAN_POINT('',(4.991901911682,1.866199332068E-16,
    8.033058859889));
#443 = CARTESIAN_POINT('',(4.62255807074,-1.675159541498,8.184351002748)
  );
#444 = CARTESIAN_POINT('',(4.838216446045,-1.675159541498,8.184351002748
    ));
#445 = CARTESIAN_POINT('',(4.991901911682,-1.523867398638,8.033058859889
    ));
#446 = CARTESIAN_POINT('',(4.62255807074,-1.675159541498,6.50919146125)
  );
#447 = CARTESIAN_POINT('',(4.838216446045,-1.675159541498,6.50919146125)
  );
#448 = CARTESIAN_POINT('',(4.991901911682,-1.523867398638,6.50919146125)
  );
#449 = CARTESIAN_POINT('',(4.62255807074,-1.675159541498,4.834031919752)
  );
#450 = CARTESIAN_POINT('',(4.838216446045,-1.675159541498,4.834031919752
    ));
#451 = CARTESIAN_POINT('',(4.991901911682,-1.523867398638,4.985324062612
    ));
#452 = CARTESIAN_POINT('',(4.62255807074,-4.102957541114E-16,
    4.834031919752));
#453 = CARTESIAN_POINT('',(4.838216446045,-4.102957541114E-16,
    4.834031919752));
#454 = CARTESIAN_POINT('',(4.991901911682,-3.732398664135E-16,
    4.985324062612));
#455 = ADVANCED_FACE('',(#456),#490,.T.);
#456 = FACE_BOUND('',#457,.T.);
#457 = EDGE_LOOP('',(#458,#466,#474,#484));
#458 = ORIENTED_EDGE('',*,*,#459,.T.);
#459 = EDGE_CURVE('',#416,#425,#460,.T.);
#460 = ( BOUNDED_CURVE() B_SPLINE_CURVE(2,(#461,#462,#463,#464,#465),
.UNSPECIFIED.,.F.,.F.) B_SPLINE_CURVE_WITH_KNOTS((3,2,3),(0.,
1.570796326795,3.14159265359),.PIECEWISE_BEZIER_KNOTS.) CURVE() 
GEOMETRIC_REPRESENTATION_ITEM() RATIONAL_B_SPLINE_CURVE((1.,
0.707106781187,1.,0.707106781187,1.)) REPRESENTATION_ITEM('') );
#461 = CARTESIAN_POINT('',(4.62255807074,0.,4.834031919752));
#462 = CARTESIAN_POINT('',(4.62255807074,1.675159541498,4.834031919752)
  );
#463 = CARTESIAN_POINT('',(4.62255807074,1.675159541498,6.50919146125));
#464 = CARTESIAN_POINT('',(4.62255807074,1.675159541498,8.184351002748)
  );
#465 = CARTESIAN_POINT('',(4.62255807074,2.051478770557E-16,
    8.184351002748));
#466 = ORIENTED_EDGE('',*,*,#467,.T.);
#467 = EDGE_CURVE('',#425,#468,#470,.T.);
#468 = VERTEX_POINT('',#469);
#469 = CARTESIAN_POINT('',(4.909728277854,1.875637733081E-16,
    7.897180795634));
#470 = ( BOUNDED_CURVE() B_SPLINE_CURVE(2,(#471,#472,#473),
.UNSPECIFIED.,.F.,.F.) B_SPLINE_CURVE_WITH_KNOTS((3,3),(0.,
1.570796326795),.PIECEWISE_BEZIER_KNOTS.) CURVE() 
GEOMETRIC_REPRESENTATION_ITEM() RATIONAL_B_SPLINE_CURVE((1.,
0.707106781187,1.)) REPRESENTATION_ITEM('') );
#471 = CARTESIAN_POINT('',(4.62255807074,2.051478770557E-16,
    8.184351002748));
#472 = CARTESIAN_POINT('',(4.909728277854,2.051478770557E-16,
    8.184351002748));
#473 = CARTESIAN_POINT('',(4.909728277854,1.699796695604E-16,
    7.897180795634));
#474 = ORIENTED_EDGE('',*,*,#475,.F.);
#475 = EDGE_CURVE('',#476,#468,#478,.T.);
#476 = VERTEX_POINT('',#477);
#477 = CARTESIAN_POINT('',(4.909728277854,0.,5.121202126866));
#478 = ( BOUNDED_CURVE() B_SPLINE_CURVE(2,(#479,#480,#481,#482,#483),
.UNSPECIFIED.,.F.,.F.) B_SPLINE_CURVE_WITH_KNOTS((3,2,3),(0.,
1.570796326795,3.14159265359),.PIECEWISE_BEZIER_KNOTS.) CURVE() 
GEOMETRIC_REPRESENTATION_ITEM() RATIONAL_B_SPLINE_CURVE((1.,
0.707106781187,1.,0.707106781187,1.)) REPRESENTATION_ITEM('') );
#479 = CARTESIAN_POINT('',(4.909728277854,0.,5.121202126866));
#480 = CARTESIAN_POINT('',(4.909728277854,1.387989334384,5.121202126866)
  );
#481 = CARTESIAN_POINT('',(4.909728277854,1.387989334384,6.50919146125)
  );
#482 = CARTESIAN_POINT('',(4.909728277854,1.387989334384,7.897180795634)
  );
#483 = CARTESIAN_POINT('',(4.909728277854,1.699796695604E-16,
    7.897180795634));
#484 = ORIENTED_EDGE('',*,*,#485,.F.);
#485 = EDGE_CURVE('',#416,#476,#486,.T.);
#486 = ( BOUNDED_CURVE() B_SPLINE_CURVE(2,(#487,#488,#489),
.UNSPECIFIED.,.F.,.F.) B_SPLINE_CURVE_WITH_KNOTS((3,3),(0.,
1.570796326795),.PIECEWISE_BEZIER_KNOTS.) CURVE() 
GEOMETRIC_REPRESENTATION_ITEM() RATIONAL_B_SPLINE_CURVE((1.,
0.707106781187,1.)) REPRESENTATION_ITEM('') );
#487 = CARTESIAN_POINT('',(4.62255807074,0.,4.834031919752));
#488 = CARTESIAN_POINT('',(4.909728277854,0.,4.834031919752));
#489 = CARTESIAN_POINT('',(4.909728277854,0.,5.121202126866));
#490 = ( BOUNDED_SURFACE() B_SPLINE_SURFACE(2,2,(
    (#491,#492,#493)
    ,(#494,#495,#496)
    ,(#497,#498,#499)
    ,(#500,#501,#502)
    ,(#503,#504,#505
)),.UNSPECIFIED.,.F.,.F.,.F.) B_SPLINE_SURFACE_WITH_KNOTS((3,2,3),(3,3),
  (0.,1.570796326795,3.14159265359),(0.,1.570796326795),
.PIECEWISE_BEZIER_KNOTS.) GEOMETRIC_REPRESENTATION_ITEM() 
RATIONAL_B_SPLINE_SURFACE((
    (1.,0.707106781187,1.)
    ,(0.707106781187,0.5,0.707106781187)
    ,(1.,0.707106781187,1.)
    ,(0.707106781187,0.5,0.707106781187)
,(1.,0.707106781187,1.))) REPRESENTATION_ITEM('') SURFACE() );
#491 = CARTESIAN_POINT('',(4.62255807074,0.,4.834031919752));
#492 = CARTESIAN_POINT('',(4.909728277854,0.,4.834031919752));
#493 = CARTESIAN_POINT('',(4.909728277854,0.,5.121202126866));
#494 = CARTESIAN_POINT('',(4.62255807074,1.675159541498,4.834031919752)
  );
#495 = CARTESIAN_POINT('',(4.909728277854,1.675159541498,4.834031919752)
  );
#496 = CARTESIAN_POINT('',(4.909728277854,1.387989334384,5.121202126866)
  );
#497 = CARTESIAN_POINT('',(4.62255807074,1.675159541498,6.50919146125));
#498 = CARTESIAN_POINT('',(4.909728277854,1.675159541498,6.50919146125)
  );
#499 = CARTESIAN_POINT('',(4.909728277854,1.387989334384,6.50919146125)
  );
#500 = CARTESIAN_POINT('',(4.62255807074,1.675159541498,8.184351002748)
  );
#501 = CARTESIAN_POINT('',(4.909728277854,1.675159541498,8.184351002748)
  );
#502 = CARTESIAN_POINT('',(4.909728277854,1.387989334384,7.897180795634)
  );
#503 = CARTESIAN_POINT('',(4.62255807074,2.051478770557E-16,
    8.184351002748));
#504 = CARTESIAN_POINT('',(4.909728277854,2.051478770557E-16,
    8.184351002748));
#505 = CARTESIAN_POINT('',(4.909728277854,1.699796695604E-16,
    7.897180795634));
#506 = ADVANCED_FACE('',(#507),#545,.T.);
#507 = FACE_BOUND('',#508,.T.);
#508 = EDGE_LOOP('',(#509,#521,#529,#539));
#509 = ORIENTED_EDGE('',*,*,#510,.T.);
#510 = EDGE_CURVE('',#511,#513,#515,.T.);
#511 = VERTEX_POINT('',#512);
#512 = CARTESIAN_POINT('',(-4.909728277854,0.,5.121202126866));
#513 = VERTEX_POINT('',#514);
#514 = CARTESIAN_POINT('',(-4.909728277854,1.875637733081E-16,
    7.897180795634));
#515 = ( BOUNDED_CURVE() B_SPLINE_CURVE(2,(#516,#517,#518,#519,#520),
.UNSPECIFIED.,.F.,.F.) B_SPLINE_CURVE_WITH_KNOTS((3,2,3),(0.,
1.570796326795,3.14159265359),.PIECEWISE_BEZIER_KNOTS.) CURVE() 
GEOMETRIC_REPRESENTATION_ITEM() RATIONAL_B_SPLINE_CURVE((1.,
0.707106781187,1.,0.707106781187,1.)) REPRESENTATION_ITEM('') );
#516 = CARTESIAN_POINT('',(-4.909728277854,0.,5.121202126866));
#517 = CARTESIAN_POINT('',(-4.909728277854,1.387989334384,5.121202126866
    ));
#518 = CARTESIAN_POINT('',(-4.909728277854,1.387989334384,6.50919146125)
  );
#519 = CARTESIAN_POINT('',(-4.909728277854,1.387989334384,7.897180795634
    ));
#520 = CARTESIAN_POINT('',(-4.909728277854,1.699796695604E-16,
    7.897180795634));
#521 = ORIENTED_EDGE('',*,*,#522,.T.);
#522 = EDGE_CURVE('',#513,#523,#525,.T.);
#523 = VERTEX_POINT('',#524);
#524 = CARTESIAN_POINT('',(-4.62255807074,2.051478770557E-16,
    8.184351002748));
#525 = ( BOUNDED_CURVE() B_SPLINE_CURVE(2,(#526,#527,#528),
.UNSPECIFIED.,.F.,.F.) B_SPLINE_CURVE_WITH_KNOTS((3,3),(4.712388980385,
6.28318530718),.PIECEWISE_BEZIER_KNOTS.) CURVE() 
GEOMETRIC_REPRESENTATION_ITEM() RATIONAL_B_SPLINE_CURVE((1.,
0.707106781187,1.)) REPRESENTATION_ITEM('') );
#526 = CARTESIAN_POINT('',(-4.909728277854,1.699796695604E-16,
    7.897180795634));
#527 = CARTESIAN_POINT('',(-4.909728277854,2.051478770557E-16,
    8.184351002748));
#528 = CARTESIAN_POINT('',(-4.62255807074,2.051478770557E-16,
    8.184351002748));
#529 = ORIENTED_EDGE('',*,*,#530,.F.);
#530 = EDGE_CURVE('',#531,#523,#533,.T.);
#531 = VERTEX_POINT('',#532);
#532 = CARTESIAN_POINT('',(-4.62255807074,0.,4.834031919752));
#533 = ( BOUNDED_CURVE() B_SPLINE_CURVE(2,(#534,#535,#536,#537,#538),
.UNSPECIFIED.,.F.,.F.) B_SPLINE_CURVE_WITH_KNOTS((3,2,3),(0.,
1.570796326795,3.14159265359),.PIECEWISE_BEZIER_KNOTS.) CURVE() 
GEOMETRIC_REPRESENTATION_ITEM() RATIONAL_B_SPLINE_CURVE((1.,
0.707106781187,1.,0.707106781187,1.)) REPRESENTATION_ITEM('') );
#534 = CARTESIAN_POINT('',(-4.62255807074,0.,4.834031919752));
#535 = CARTESIAN_POINT('',(-4.62255807074,1.675159541498,4.834031919752)
  );
#536 = CARTESIAN_POINT('',(-4.62255807074,1.675159541498,6.50919146125)
  );
#537 = CARTESIAN_POINT('',(-4.62255807074,1.675159541498,8.184351002748)
  );
#538 = CARTESIAN_POINT('',(-4.62255807074,2.051478770557E-16,
    8.184351002748));
#539 = ORIENTED_EDGE('',*,*,#540,.F.);
#540 = EDGE_CURVE('',#511,#531,#541,.T.);
#541 = ( BOUNDED_CURVE() B_SPLINE_CURVE(2,(#542,#543,#544),
.UNSPECIFIED.,.F.,.F.) B_SPLINE_CURVE_WITH_KNOTS((3,3),(4.712388980385,
6.28318530718),.PIECEWISE_BEZIER_KNOTS.) CURVE() 
GEOMETRIC_REPRESENTATION_ITEM() RATIONAL_B_SPLINE_CURVE((1.,
0.707106781187,1.)) REPRESENTATION_ITEM('') );
#542 = CARTESIAN_POINT('',(-4.909728277854,0.,5.121202126866));
#543 = CARTESIAN_POINT('',(-4.909728277854,0.,4.834031919752));
#544 = CARTESIAN_POINT('',(-4.62255807074,0.,4.834031919752));
#545 = ( BOUNDED_SURFACE() B_SPLINE_SURFACE(2,2,(
    (#546,#547,#548)
    ,(#549,#550,#551)
    ,(#552,#553,#554)
    ,(#555,#556,#557)
    ,(#558,#559,#560
)),.UNSPECIFIED.,.F.,.F.,.F.) B_SPLINE_SURFACE_WITH_KNOTS((3,2,3),(3,3),
  (0.,1.570796326795,3.14159265359),(4.712388980385,6.28318530718),
.PIECEWISE_BEZIER_KNOTS.) GEOMETRIC_REPRESENTATION_ITEM() 
RATIONAL_B_SPLINE_SURFACE((
    (1.,0.707106781187,1.)
    ,(0.707106781187,0.5,0.707106781187)
    ,(1.,0.707106781187,1.)
    ,(0.707106781187,0.5,0.707106781187)
,(1.,0.707106781187,1.))) REPRESENTATION_ITEM('') SURFACE() );
#546 = CARTESIAN_POINT('',(-4.909728277854,0.,5.121202126866));
#547 = CARTESIAN_POINT('',(-4.909728277854,0.,4.834031919752));
#548 = CARTESIAN_POINT('',(-4.62255807074,0.,4.834031919752));
#549 = CARTESIAN_POINT('',(-4.909728277854,1.387989334384,5.121202126866
    ));
#550 = CARTESIAN_POINT('',(-4.909728277854,1.675159541498,4.834031919752
    ));
#551 = CARTESIAN_POINT('',(-4.62255807074,1.675159541498,4.834031919752)
  );
#552 = CARTESIAN_POINT('',(-4.909728277854,1.387989334384,6.50919146125)
  );
#553 = CARTESIAN_POINT('',(-4.909728277854,1.675159541498,6.50919146125)
  );
#554 = CARTESIAN_POINT('',(-4.62255807074,1.675159541498,6.50919146125)
  );
#555 = CARTESIAN_POINT('',(-4.909728277854,1.387989334384,7.897180795634
    ));
#556 = CARTESIAN_POINT('',(-4.909728277854,1.675159541498,8.184351002748
    ));
#557 = CARTESIAN_POINT('',(-4.62255807074,1.675159541498,8.184351002748)
  );
#558 = CARTESIAN_POINT('',(-4.909728277854,1.699796695604E-16,
    7.897180795634));
#559 = CARTESIAN_POINT('',(-4.909728277854,2.051478770557E-16,
    8.184351002748));
#560 = CARTESIAN_POINT('',(-4.62255807074,2.051478770557E-16,
    8.184351002748));
#561 = ADVANCED_FACE('',(#562),#596,.F.);
#562 = FACE_BOUND('',#563,.F.);
#563 = EDGE_LOOP('',(#564,#572,#580,#588));
#564 = ORIENTED_EDGE('',*,*,#565,.T.);
#565 = EDGE_CURVE('',#566,#531,#568,.T.);
#566 = VERTEX_POINT('',#567);
#567 = CARTESIAN_POINT('',(-4.991901911682,1.887084378988E-16,
    4.985324062612));
#568 = ( BOUNDED_CURVE() B_SPLINE_CURVE(2,(#569,#570,#571),
.UNSPECIFIED.,.F.,.F.) B_SPLINE_CURVE_WITH_KNOTS((3,3),(5.505634518744,
6.28318530718),.PIECEWISE_BEZIER_KNOTS.) CURVE() 
GEOMETRIC_REPRESENTATION_ITEM() RATIONAL_B_SPLINE_CURVE((1.,
0.925373947148,1.)) REPRESENTATION_ITEM('') );
#569 = CARTESIAN_POINT('',(-4.991901911682,0.,4.985324062612));
#570 = CARTESIAN_POINT('',(-4.838216446045,0.,4.834031919752));
#571 = CARTESIAN_POINT('',(-4.62255807074,0.,4.834031919752));
#572 = ORIENTED_EDGE('',*,*,#573,.F.);
#573 = EDGE_CURVE('',#523,#531,#574,.T.);
#574 = ( BOUNDED_CURVE() B_SPLINE_CURVE(2,(#575,#576,#577,#578,#579),
.UNSPECIFIED.,.F.,.F.) B_SPLINE_CURVE_WITH_KNOTS((3,2,3),(3.14159265359,
4.712388980385,6.28318530718),.PIECEWISE_BEZIER_KNOTS.) CURVE() 
GEOMETRIC_REPRESENTATION_ITEM() RATIONAL_B_SPLINE_CURVE((1.,
0.707106781187,1.,0.707106781187,1.)) REPRESENTATION_ITEM('') );
#575 = CARTESIAN_POINT('',(-4.62255807074,2.051478770557E-16,
    8.184351002748));
#576 = CARTESIAN_POINT('',(-4.62255807074,-1.675159541498,8.184351002748
    ));
#577 = CARTESIAN_POINT('',(-4.62255807074,-1.675159541498,6.50919146125)
  );
#578 = CARTESIAN_POINT('',(-4.62255807074,-1.675159541498,4.834031919752
    ));
#579 = CARTESIAN_POINT('',(-4.62255807074,-4.102957541114E-16,
    4.834031919752));
#580 = ORIENTED_EDGE('',*,*,#581,.F.);
#581 = EDGE_CURVE('',#582,#523,#584,.T.);
#582 = VERTEX_POINT('',#583);
#583 = CARTESIAN_POINT('',(-4.991901911682,0.,8.033058859889));
#584 = ( BOUNDED_CURVE() B_SPLINE_CURVE(2,(#585,#586,#587),
.UNSPECIFIED.,.F.,.F.) B_SPLINE_CURVE_WITH_KNOTS((3,3),(5.505634518744,
6.28318530718),.PIECEWISE_BEZIER_KNOTS.) CURVE() 
GEOMETRIC_REPRESENTATION_ITEM() RATIONAL_B_SPLINE_CURVE((1.,
0.925373947148,1.)) REPRESENTATION_ITEM('') );
#585 = CARTESIAN_POINT('',(-4.991901911682,1.866199332068E-16,
    8.033058859889));
#586 = CARTESIAN_POINT('',(-4.838216446045,2.051478770557E-16,
    8.184351002748));
#587 = CARTESIAN_POINT('',(-4.62255807074,2.051478770557E-16,
    8.184351002748));
#588 = ORIENTED_EDGE('',*,*,#589,.T.);
#589 = EDGE_CURVE('',#582,#566,#590,.T.);
#590 = ( BOUNDED_CURVE() B_SPLINE_CURVE(2,(#591,#592,#593,#594,#595),
.UNSPECIFIED.,.F.,.F.) B_SPLINE_CURVE_WITH_KNOTS((3,2,3),(3.14159265359,
4.712388980385,6.28318530718),.PIECEWISE_BEZIER_KNOTS.) CURVE() 
GEOMETRIC_REPRESENTATION_ITEM() RATIONAL_B_SPLINE_CURVE((1.,
0.707106781187,1.,0.707106781187,1.)) REPRESENTATION_ITEM('') );
#591 = CARTESIAN_POINT('',(-4.991901911682,1.866199332068E-16,
    8.033058859889));
#592 = CARTESIAN_POINT('',(-4.991901911682,-1.523867398638,
    8.033058859889));
#593 = CARTESIAN_POINT('',(-4.991901911682,-1.523867398638,6.50919146125
    ));
#594 = CARTESIAN_POINT('',(-4.991901911682,-1.523867398638,
    4.985324062612));
#595 = CARTESIAN_POINT('',(-4.991901911682,-3.732398664135E-16,
    4.985324062612));
#596 = ( BOUNDED_SURFACE() B_SPLINE_SURFACE(2,2,(
    (#597,#598,#599)
    ,(#600,#601,#602)
    ,(#603,#604,#605)
    ,(#606,#607,#608)
    ,(#609,#610,#611
)),.UNSPECIFIED.,.F.,.F.,.F.) B_SPLINE_SURFACE_WITH_KNOTS((3,2,3),(3,3),
  (3.14159265359,4.712388980385,6.28318530718),(5.505634518744,
    6.28318530718),.PIECEWISE_BEZIER_KNOTS.) 
GEOMETRIC_REPRESENTATION_ITEM() RATIONAL_B_SPLINE_SURFACE((
    (1.,0.925373947148,1.)
    ,(0.707106781187,0.654338193162,0.707106781187)
    ,(1.,0.925373947148,1.)
    ,(0.707106781187,0.654338193162,0.707106781187)
,(1.,0.925373947148,1.))) REPRESENTATION_ITEM('') SURFACE() );
#597 = CARTESIAN_POINT('',(-4.991901911682,1.866199332068E-16,
    8.033058859889));
#598 = CARTESIAN_POINT('',(-4.838216446045,2.051478770557E-16,
    8.184351002748));
#599 = CARTESIAN_POINT('',(-4.62255807074,2.051478770557E-16,
    8.184351002748));
#600 = CARTESIAN_POINT('',(-4.991901911682,-1.523867398638,
    8.033058859889));
#601 = CARTESIAN_POINT('',(-4.838216446045,-1.675159541498,
    8.184351002748));
#602 = CARTESIAN_POINT('',(-4.62255807074,-1.675159541498,8.184351002748
    ));
#603 = CARTESIAN_POINT('',(-4.991901911682,-1.523867398638,6.50919146125
    ));
#604 = CARTESIAN_POINT('',(-4.838216446045,-1.675159541498,6.50919146125
    ));
#605 = CARTESIAN_POINT('',(-4.62255807074,-1.675159541498,6.50919146125)
  );
#606 = CARTESIAN_POINT('',(-4.991901911682,-1.523867398638,
    4.985324062612));
#607 = CARTESIAN_POINT('',(-4.838216446045,-1.675159541498,
    4.834031919752));
#608 = CARTESIAN_POINT('',(-4.62255807074,-1.675159541498,4.834031919752
    ));
#609 = CARTESIAN_POINT('',(-4.991901911682,-3.732398664135E-16,
    4.985324062612));
#610 = CARTESIAN_POINT('',(-4.838216446045,-4.102957541114E-16,
    4.834031919752));
#611 = CARTESIAN_POINT('',(-4.62255807074,-4.102957541114E-16,
    4.834031919752));
#612 = ADVANCED_FACE('',(#613),#638,.F.);
#613 = FACE_BOUND('',#614,.F.);
#614 = EDGE_LOOP('',(#615,#622,#632,#637));
#615 = ORIENTED_EDGE('',*,*,#616,.T.);
#616 = EDGE_CURVE('',#582,#617,#619,.T.);
#617 = VERTEX_POINT('',#618);
#618 = CARTESIAN_POINT('',(-5.025478624495,2.009030937812E-16,
    8.067166729905));
#619 = B_SPLINE_CURVE_WITH_KNOTS('',1,(#620,#621),.UNSPECIFIED.,.F.,.F.,
  (2,2),(-4.786170118566E-02,0.),.PIECEWISE_BEZIER_KNOTS.);
#620 = CARTESIAN_POINT('',(-4.991901911682,0.,8.033058859889));
#621 = CARTESIAN_POINT('',(-5.025478624495,0.,8.067166729905));
#622 = ORIENTED_EDGE('',*,*,#623,.T.);
#623 = EDGE_CURVE('',#617,#624,#626,.T.);
#624 = VERTEX_POINT('',#625);
#625 = CARTESIAN_POINT('',(-5.025478624495,0.,4.951216192595));
#626 = ( BOUNDED_CURVE() B_SPLINE_CURVE(2,(#627,#628,#629,#630,#631),
.UNSPECIFIED.,.F.,.F.) B_SPLINE_CURVE_WITH_KNOTS((3,2,3),(3.14159265359,
4.712388980385,6.28318530718),.PIECEWISE_BEZIER_KNOTS.) CURVE() 
GEOMETRIC_REPRESENTATION_ITEM() RATIONAL_B_SPLINE_CURVE((1.,
0.707106781187,1.,0.707106781187,1.)) REPRESENTATION_ITEM('') );
#627 = CARTESIAN_POINT('',(-5.025478624495,1.907969425909E-16,
    8.067166729905));
#628 = CARTESIAN_POINT('',(-5.025478624495,-1.557975268655,
    8.067166729905));
#629 = CARTESIAN_POINT('',(-5.025478624495,-1.557975268655,6.50919146125
    ));
#630 = CARTESIAN_POINT('',(-5.025478624495,-1.557975268655,
    4.951216192595));
#631 = CARTESIAN_POINT('',(-5.025478624495,-3.815938851818E-16,
    4.951216192595));
#632 = ORIENTED_EDGE('',*,*,#633,.F.);
#633 = EDGE_CURVE('',#566,#624,#634,.T.);
#634 = B_SPLINE_CURVE_WITH_KNOTS('',1,(#635,#636),.UNSPECIFIED.,.F.,.F.,
  (2,2),(-4.786170118566E-02,-1.665132245465E-32),
  .PIECEWISE_BEZIER_KNOTS.);
#635 = CARTESIAN_POINT('',(-4.991901911682,1.866199332068E-16,
    4.985324062612));
#636 = CARTESIAN_POINT('',(-5.025478624495,1.907969425909E-16,
    4.951216192595));
#637 = ORIENTED_EDGE('',*,*,#589,.F.);
#638 = ( BOUNDED_SURFACE() B_SPLINE_SURFACE(2,1,(
    (#639,#640)
    ,(#641,#642)
    ,(#643,#644)
    ,(#645,#646)
,(#647,#648
    )),.UNSPECIFIED.,.F.,.F.,.F.) B_SPLINE_SURFACE_WITH_KNOTS((3,2,3),(2
    ,2),(3.14159265359,4.712388980385,6.28318530718),(
    -4.786170118566E-02,0.),.PIECEWISE_BEZIER_KNOTS.) 
GEOMETRIC_REPRESENTATION_ITEM() RATIONAL_B_SPLINE_SURFACE((
    (1.,1.)
    ,(0.707106781187,0.707106781187)
    ,(1.,1.)
    ,(0.707106781187,0.707106781187)
,(1.,1.))) REPRESENTATION_ITEM('') SURFACE() );
#639 = CARTESIAN_POINT('',(-4.991901911682,1.866199332068E-16,
    4.985324062612));
#640 = CARTESIAN_POINT('',(-5.025478624495,1.907969425909E-16,
    4.951216192595));
#641 = CARTESIAN_POINT('',(-4.991901911682,-1.523867398638,
    4.985324062612));
#642 = CARTESIAN_POINT('',(-5.025478624495,-1.557975268655,
    4.951216192595));
#643 = CARTESIAN_POINT('',(-4.991901911682,-1.523867398638,6.50919146125
    ));
#644 = CARTESIAN_POINT('',(-5.025478624495,-1.557975268655,6.50919146125
    ));
#645 = CARTESIAN_POINT('',(-4.991901911682,-1.523867398638,
    8.033058859889));
#646 = CARTESIAN_POINT('',(-5.025478624495,-1.557975268655,
    8.067166729905));
#647 = CARTESIAN_POINT('',(-4.991901911682,-3.732398664135E-16,
    8.033058859889));
#648 = CARTESIAN_POINT('',(-5.025478624495,-3.815938851818E-16,
    8.067166729905));
#649 = ADVANCED_FACE('',(#650),#673,.T.);
#650 = FACE_BOUND('',#651,.T.);
#651 = EDGE_LOOP('',(#652,#660,#666,#667));
#652 = ORIENTED_EDGE('',*,*,#653,.T.);
#653 = EDGE_CURVE('',#624,#617,#654,.T.);
#654 = ( BOUNDED_CURVE() B_SPLINE_CURVE(2,(#655,#656,#657,#658,#659),
.UNSPECIFIED.,.F.,.F.) B_SPLINE_CURVE_WITH_KNOTS((3,2,3),(0.,
1.570796326795,3.14159265359),.PIECEWISE_BEZIER_KNOTS.) CURVE() 
GEOMETRIC_REPRESENTATION_ITEM() RATIONAL_B_SPLINE_CURVE((1.,
0.707106781187,1.,0.707106781187,1.)) REPRESENTATION_ITEM('') );
#655 = CARTESIAN_POINT('',(-5.025478624495,0.,4.951216192595));
#656 = CARTESIAN_POINT('',(-5.025478624495,1.557975268655,4.951216192595
    ));
#657 = CARTESIAN_POINT('',(-5.025478624495,1.557975268655,6.50919146125)
  );
#658 = CARTESIAN_POINT('',(-5.025478624495,1.557975268655,8.067166729905
    ));
#659 = CARTESIAN_POINT('',(-5.025478624495,1.907969425909E-16,
    8.067166729905));
#660 = ORIENTED_EDGE('',*,*,#661,.T.);
#661 = EDGE_CURVE('',#617,#282,#662,.T.);
#662 = ( BOUNDED_CURVE() B_SPLINE_CURVE(2,(#663,#664,#665),
.UNSPECIFIED.,.F.,.F.) B_SPLINE_CURVE_WITH_KNOTS((3,3),(5.505634518744,
6.28318530718),.PIECEWISE_BEZIER_KNOTS.) CURVE() 
GEOMETRIC_REPRESENTATION_ITEM() RATIONAL_B_SPLINE_CURVE((1.,
0.925373947148,1.)) REPRESENTATION_ITEM('') );
#663 = CARTESIAN_POINT('',(-5.025478624495,1.907969425909E-16,
    8.067166729905));
#664 = CARTESIAN_POINT('',(-4.857821752891,2.110092449716E-16,
    8.232212703934));
#665 = CARTESIAN_POINT('',(-4.62255807074,2.110092449716E-16,
    8.232212703934));
#666 = ORIENTED_EDGE('',*,*,#279,.F.);
#667 = ORIENTED_EDGE('',*,*,#668,.F.);
#668 = EDGE_CURVE('',#624,#280,#669,.T.);
#669 = ( BOUNDED_CURVE() B_SPLINE_CURVE(2,(#670,#671,#672),
.UNSPECIFIED.,.F.,.F.) B_SPLINE_CURVE_WITH_KNOTS((3,3),(5.505634518744,
6.28318530718),.PIECEWISE_BEZIER_KNOTS.) CURVE() 
GEOMETRIC_REPRESENTATION_ITEM() RATIONAL_B_SPLINE_CURVE((1.,
0.925373947148,1.)) REPRESENTATION_ITEM('') );
#670 = CARTESIAN_POINT('',(-5.025478624495,0.,4.951216192595));
#671 = CARTESIAN_POINT('',(-4.857821752891,0.,4.786170218566));
#672 = CARTESIAN_POINT('',(-4.62255807074,0.,4.786170218566));
#673 = ( BOUNDED_SURFACE() B_SPLINE_SURFACE(2,2,(
    (#674,#675,#676)
    ,(#677,#678,#679)
    ,(#680,#681,#682)
    ,(#683,#684,#685)
    ,(#686,#687,#688
)),.UNSPECIFIED.,.F.,.F.,.F.) B_SPLINE_SURFACE_WITH_KNOTS((3,2,3),(3,3),
  (0.,1.570796326795,3.14159265359),(5.505634518744,6.28318530718),
.PIECEWISE_BEZIER_KNOTS.) GEOMETRIC_REPRESENTATION_ITEM() 
RATIONAL_B_SPLINE_SURFACE((
    (1.,0.925373947148,1.)
    ,(0.707106781187,0.654338193162,0.707106781187)
    ,(1.,0.925373947148,1.)
    ,(0.707106781187,0.654338193162,0.707106781187)
,(1.,0.925373947148,1.))) REPRESENTATION_ITEM('') SURFACE() );
#674 = CARTESIAN_POINT('',(-5.025478624495,0.,4.951216192595));
#675 = CARTESIAN_POINT('',(-4.857821752891,0.,4.786170218566));
#676 = CARTESIAN_POINT('',(-4.62255807074,0.,4.786170218566));
#677 = CARTESIAN_POINT('',(-5.025478624495,1.557975268655,4.951216192595
    ));
#678 = CARTESIAN_POINT('',(-4.857821752891,1.723021242684,4.786170218566
    ));
#679 = CARTESIAN_POINT('',(-4.62255807074,1.723021242684,4.786170218566)
  );
#680 = CARTESIAN_POINT('',(-5.025478624495,1.557975268655,6.50919146125)
  );
#681 = CARTESIAN_POINT('',(-4.857821752891,1.723021242684,6.50919146125)
  );
#682 = CARTESIAN_POINT('',(-4.62255807074,1.723021242684,6.50919146125)
  );
#683 = CARTESIAN_POINT('',(-5.025478624495,1.557975268655,8.067166729905
    ));
#684 = CARTESIAN_POINT('',(-4.857821752891,1.723021242684,8.232212703934
    ));
#685 = CARTESIAN_POINT('',(-4.62255807074,1.723021242684,8.232212703934)
  );
#686 = CARTESIAN_POINT('',(-5.025478624495,1.907969425909E-16,
    8.067166729905));
#687 = CARTESIAN_POINT('',(-4.857821752891,2.110092449716E-16,
    8.232212703934));
#688 = CARTESIAN_POINT('',(-4.62255807074,2.110092449716E-16,
    8.232212703934));
#689 = ADVANCED_FACE('',(#690),#703,.T.);
#690 = FACE_BOUND('',#691,.T.);
#691 = EDGE_LOOP('',(#692,#693,#694,#695));
#692 = ORIENTED_EDGE('',*,*,#661,.F.);
#693 = ORIENTED_EDGE('',*,*,#623,.T.);
#694 = ORIENTED_EDGE('',*,*,#668,.T.);
#695 = ORIENTED_EDGE('',*,*,#696,.F.);
#696 = EDGE_CURVE('',#282,#280,#697,.T.);
#697 = ( BOUNDED_CURVE() B_SPLINE_CURVE(2,(#698,#699,#700,#701,#702),
.UNSPECIFIED.,.F.,.F.) B_SPLINE_CURVE_WITH_KNOTS((3,2,3),(3.14159265359,
4.712388980385,6.28318530718),.PIECEWISE_BEZIER_KNOTS.) CURVE() 
GEOMETRIC_REPRESENTATION_ITEM() RATIONAL_B_SPLINE_CURVE((1.,
0.707106781187,1.,0.707106781187,1.)) REPRESENTATION_ITEM('') );
#698 = CARTESIAN_POINT('',(-4.62255807074,2.110092449716E-16,
    8.232212703934));
#699 = CARTESIAN_POINT('',(-4.62255807074,-1.723021242684,8.232212703934
    ));
#700 = CARTESIAN_POINT('',(-4.62255807074,-1.723021242684,6.50919146125)
  );
#701 = CARTESIAN_POINT('',(-4.62255807074,-1.723021242684,4.786170218566
    ));
#702 = CARTESIAN_POINT('',(-4.62255807074,-4.220184899431E-16,
    4.786170218566));
#703 = ( BOUNDED_SURFACE() B_SPLINE_SURFACE(2,2,(
    (#704,#705,#706)
    ,(#707,#708,#709)
    ,(#710,#711,#712)
    ,(#713,#714,#715)
    ,(#716,#717,#718
)),.UNSPECIFIED.,.F.,.F.,.F.) B_SPLINE_SURFACE_WITH_KNOTS((3,2,3),(3,3),
  (3.14159265359,4.712388980385,6.28318530718),(5.505634518744,
    6.28318530718),.PIECEWISE_BEZIER_KNOTS.) 
GEOMETRIC_REPRESENTATION_ITEM() RATIONAL_B_SPLINE_SURFACE((
    (1.,0.925373947148,1.)
    ,(0.707106781187,0.654338193162,0.707106781187)
    ,(1.,0.925373947148,1.)
    ,(0.707106781187,0.654338193162,0.707106781187)
,(1.,0.925373947148,1.))) REPRESENTATION_ITEM('') SURFACE() );
#704 = CARTESIAN_POINT('',(-5.025478624495,1.907969425909E-16,
    8.067166729905));
#705 = CARTESIAN_POINT('',(-4.857821752891,2.110092449716E-16,
    8.232212703934));
#706 = CARTESIAN_POINT('',(-4.62255807074,2.110092449716E-16,
    8.232212703934));
#707 = CARTESIAN_POINT('',(-5.025478624495,-1.557975268655,
    8.067166729905));
#708 = CARTESIAN_POINT('',(-4.857821752891,-1.723021242684,
    8.232212703934));
#709 = CARTESIAN_POINT('',(-4.62255807074,-1.723021242684,8.232212703934
    ));
#710 = CARTESIAN_POINT('',(-5.025478624495,-1.557975268655,6.50919146125
    ));
#711 = CARTESIAN_POINT('',(-4.857821752891,-1.723021242684,6.50919146125
    ));
#712 = CARTESIAN_POINT('',(-4.62255807074,-1.723021242684,6.50919146125)
  );
#713 = CARTESIAN_POINT('',(-5.025478624495,-1.557975268655,
    4.951216192595));
#714 = CARTESIAN_POINT('',(-4.857821752891,-1.723021242684,
    4.786170218566));
#715 = CARTESIAN_POINT('',(-4.62255807074,-1.723021242684,4.786170218566
    ));
#716 = CARTESIAN_POINT('',(-5.025478624495,-3.815938851818E-16,
    4.951216192595));
#717 = CARTESIAN_POINT('',(-4.857821752891,-4.220184899431E-16,
    4.786170218566));
#718 = CARTESIAN_POINT('',(-4.62255807074,-4.220184899431E-16,
    4.786170218566));
#719 = ADVANCED_FACE('',(#720),#733,.F.);
#720 = FACE_BOUND('',#721,.F.);
#721 = EDGE_LOOP('',(#722,#723,#724,#732));
#722 = ORIENTED_EDGE('',*,*,#653,.T.);
#723 = ORIENTED_EDGE('',*,*,#616,.F.);
#724 = ORIENTED_EDGE('',*,*,#725,.F.);
#725 = EDGE_CURVE('',#566,#582,#726,.T.);
#726 = ( BOUNDED_CURVE() B_SPLINE_CURVE(2,(#727,#728,#729,#730,#731),
.UNSPECIFIED.,.F.,.F.) B_SPLINE_CURVE_WITH_KNOTS((3,2,3),(0.,
1.570796326795,3.14159265359),.PIECEWISE_BEZIER_KNOTS.) CURVE() 
GEOMETRIC_REPRESENTATION_ITEM() RATIONAL_B_SPLINE_CURVE((1.,
0.707106781187,1.,0.707106781187,1.)) REPRESENTATION_ITEM('') );
#727 = CARTESIAN_POINT('',(-4.991901911682,0.,4.985324062612));
#728 = CARTESIAN_POINT('',(-4.991901911682,1.523867398638,4.985324062612
    ));
#729 = CARTESIAN_POINT('',(-4.991901911682,1.523867398638,6.50919146125)
  );
#730 = CARTESIAN_POINT('',(-4.991901911682,1.523867398638,8.033058859889
    ));
#731 = CARTESIAN_POINT('',(-4.991901911682,1.866199332068E-16,
    8.033058859889));
#732 = ORIENTED_EDGE('',*,*,#633,.T.);
#733 = ( BOUNDED_SURFACE() B_SPLINE_SURFACE(2,1,(
    (#734,#735)
    ,(#736,#737)
    ,(#738,#739)
    ,(#740,#741)
,(#742,#743
    )),.UNSPECIFIED.,.F.,.F.,.F.) B_SPLINE_SURFACE_WITH_KNOTS((3,2,3),(2
    ,2),(0.,1.570796326795,3.14159265359),(-4.786170118566E-02,0.),
.PIECEWISE_BEZIER_KNOTS.) GEOMETRIC_REPRESENTATION_ITEM() 
RATIONAL_B_SPLINE_SURFACE((
    (1.,1.)
    ,(0.707106781187,0.707106781187)
    ,(1.,1.)
    ,(0.707106781187,0.707106781187)
,(1.,1.))) REPRESENTATION_ITEM('') SURFACE() );
#734 = CARTESIAN_POINT('',(-4.991901911682,0.,8.033058859889));
#735 = CARTESIAN_POINT('',(-5.025478624495,0.,8.067166729905));
#736 = CARTESIAN_POINT('',(-4.991901911682,1.523867398638,8.033058859889
    ));
#737 = CARTESIAN_POINT('',(-5.025478624495,1.557975268655,8.067166729905
    ));
#738 = CARTESIAN_POINT('',(-4.991901911682,1.523867398638,6.50919146125)
  );
#739 = CARTESIAN_POINT('',(-5.025478624495,1.557975268655,6.50919146125)
  );
#740 = CARTESIAN_POINT('',(-4.991901911682,1.523867398638,4.985324062612
    ));
#741 = CARTESIAN_POINT('',(-5.025478624495,1.557975268655,4.951216192595
    ));
#742 = CARTESIAN_POINT('',(-4.991901911682,1.866199332068E-16,
    4.985324062612));
#743 = CARTESIAN_POINT('',(-5.025478624495,1.907969425909E-16,
    4.951216192595));
#744 = ADVANCED_FACE('',(#745),#751,.F.);
#745 = FACE_BOUND('',#746,.F.);
#746 = EDGE_LOOP('',(#747,#748,#749,#750));
#747 = ORIENTED_EDGE('',*,*,#530,.F.);
#748 = ORIENTED_EDGE('',*,*,#565,.F.);
#749 = ORIENTED_EDGE('',*,*,#725,.T.);
#750 = ORIENTED_EDGE('',*,*,#581,.T.);
#751 = ( BOUNDED_SURFACE() B_SPLINE_SURFACE(2,2,(
    (#752,#753,#754)
    ,(#755,#756,#757)
    ,(#758,#759,#760)
    ,(#761,#762,#763)
    ,(#764,#765,#766
)),.UNSPECIFIED.,.F.,.F.,.F.) B_SPLINE_SURFACE_WITH_KNOTS((3,2,3),(3,3),
  (0.,1.570796326795,3.14159265359),(5.505634518744,6.28318530718),
.PIECEWISE_BEZIER_KNOTS.) GEOMETRIC_REPRESENTATION_ITEM() 
RATIONAL_B_SPLINE_SURFACE((
    (1.,0.925373947148,1.)
    ,(0.707106781187,0.654338193162,0.707106781187)
    ,(1.,0.925373947148,1.)
    ,(0.707106781187,0.654338193162,0.707106781187)
,(1.,0.925373947148,1.))) REPRESENTATION_ITEM('') SURFACE() );
#752 = CARTESIAN_POINT('',(-4.991901911682,0.,4.985324062612));
#753 = CARTESIAN_POINT('',(-4.838216446045,0.,4.834031919752));
#754 = CARTESIAN_POINT('',(-4.62255807074,0.,4.834031919752));
#755 = CARTESIAN_POINT('',(-4.991901911682,1.523867398638,4.985324062612
    ));
#756 = CARTESIAN_POINT('',(-4.838216446045,1.675159541498,4.834031919752
    ));
#757 = CARTESIAN_POINT('',(-4.62255807074,1.675159541498,4.834031919752)
  );
#758 = CARTESIAN_POINT('',(-4.991901911682,1.523867398638,6.50919146125)
  );
#759 = CARTESIAN_POINT('',(-4.838216446045,1.675159541498,6.50919146125)
  );
#760 = CARTESIAN_POINT('',(-4.62255807074,1.675159541498,6.50919146125)
  );
#761 = CARTESIAN_POINT('',(-4.991901911682,1.523867398638,8.033058859889
    ));
#762 = CARTESIAN_POINT('',(-4.838216446045,1.675159541498,8.184351002748
    ));
#763 = CARTESIAN_POINT('',(-4.62255807074,1.675159541498,8.184351002748)
  );
#764 = CARTESIAN_POINT('',(-4.991901911682,1.866199332068E-16,
    8.033058859889));
#765 = CARTESIAN_POINT('',(-4.838216446045,2.051478770557E-16,
    8.184351002748));
#766 = CARTESIAN_POINT('',(-4.62255807074,2.051478770557E-16,
    8.184351002748));
#767 = ADVANCED_FACE('',(#768),#781,.T.);
#768 = FACE_BOUND('',#769,.T.);
#769 = EDGE_LOOP('',(#770,#771,#779,#780));
#770 = ORIENTED_EDGE('',*,*,#522,.F.);
#771 = ORIENTED_EDGE('',*,*,#772,.T.);
#772 = EDGE_CURVE('',#513,#511,#773,.T.);
#773 = ( BOUNDED_CURVE() B_SPLINE_CURVE(2,(#774,#775,#776,#777,#778),
.UNSPECIFIED.,.F.,.F.) B_SPLINE_CURVE_WITH_KNOTS((3,2,3),(3.14159265359,
4.712388980385,6.28318530718),.PIECEWISE_BEZIER_KNOTS.) CURVE() 
GEOMETRIC_REPRESENTATION_ITEM() RATIONAL_B_SPLINE_CURVE((1.,
0.707106781187,1.,0.707106781187,1.)) REPRESENTATION_ITEM('') );
#774 = CARTESIAN_POINT('',(-4.909728277854,1.699796695604E-16,
    7.897180795634));
#775 = CARTESIAN_POINT('',(-4.909728277854,-1.387989334384,
    7.897180795634));
#776 = CARTESIAN_POINT('',(-4.909728277854,-1.387989334384,6.50919146125
    ));
#777 = CARTESIAN_POINT('',(-4.909728277854,-1.387989334384,
    5.121202126866));
#778 = CARTESIAN_POINT('',(-4.909728277854,-3.399593391209E-16,
    5.121202126866));
#779 = ORIENTED_EDGE('',*,*,#540,.T.);
#780 = ORIENTED_EDGE('',*,*,#573,.F.);
#781 = ( BOUNDED_SURFACE() B_SPLINE_SURFACE(2,2,(
    (#782,#783,#784)
    ,(#785,#786,#787)
    ,(#788,#789,#790)
    ,(#791,#792,#793)
    ,(#794,#795,#796
)),.UNSPECIFIED.,.F.,.F.,.F.) B_SPLINE_SURFACE_WITH_KNOTS((3,2,3),(3,3),
  (3.14159265359,4.712388980385,6.28318530718),(4.712388980385,
    6.28318530718),.PIECEWISE_BEZIER_KNOTS.) 
GEOMETRIC_REPRESENTATION_ITEM() RATIONAL_B_SPLINE_SURFACE((
    (1.,0.707106781187,1.)
    ,(0.707106781187,0.5,0.707106781187)
    ,(1.,0.707106781187,1.)
    ,(0.707106781187,0.5,0.707106781187)
,(1.,0.707106781187,1.))) REPRESENTATION_ITEM('') SURFACE() );
#782 = CARTESIAN_POINT('',(-4.909728277854,1.699796695604E-16,
    7.897180795634));
#783 = CARTESIAN_POINT('',(-4.909728277854,2.051478770557E-16,
    8.184351002748));
#784 = CARTESIAN_POINT('',(-4.62255807074,2.051478770557E-16,
    8.184351002748));
#785 = CARTESIAN_POINT('',(-4.909728277854,-1.387989334384,
    7.897180795634));
#786 = CARTESIAN_POINT('',(-4.909728277854,-1.675159541498,
    8.184351002748));
#787 = CARTESIAN_POINT('',(-4.62255807074,-1.675159541498,8.184351002748
    ));
#788 = CARTESIAN_POINT('',(-4.909728277854,-1.387989334384,6.50919146125
    ));
#789 = CARTESIAN_POINT('',(-4.909728277854,-1.675159541498,6.50919146125
    ));
#790 = CARTESIAN_POINT('',(-4.62255807074,-1.675159541498,6.50919146125)
  );
#791 = CARTESIAN_POINT('',(-4.909728277854,-1.387989334384,
    5.121202126866));
#792 = CARTESIAN_POINT('',(-4.909728277854,-1.675159541498,
    4.834031919752));
#793 = CARTESIAN_POINT('',(-4.62255807074,-1.675159541498,4.834031919752
    ));
#794 = CARTESIAN_POINT('',(-4.909728277854,-3.399593391209E-16,
    5.121202126866));
#795 = CARTESIAN_POINT('',(-4.909728277854,-4.102957541114E-16,
    4.834031919752));
#796 = CARTESIAN_POINT('',(-4.62255807074,-4.102957541114E-16,
    4.834031919752));
#797 = ADVANCED_FACE('',(#798,#809),#813,.T.);
#798 = FACE_BOUND('',#799,.T.);
#799 = EDGE_LOOP('',(#800,#801));
#800 = ORIENTED_EDGE('',*,*,#213,.T.);
#801 = ORIENTED_EDGE('',*,*,#802,.T.);
#802 = EDGE_CURVE('',#207,#214,#803,.T.);
#803 = ( BOUNDED_CURVE() B_SPLINE_CURVE(2,(#804,#805,#806,#807,#808),
.UNSPECIFIED.,.F.,.F.) B_SPLINE_CURVE_WITH_KNOTS((3,2,3),(0.,
1.570796326795,3.14159265359),.PIECEWISE_BEZIER_KNOTS.) CURVE() 
GEOMETRIC_REPRESENTATION_ITEM() RATIONAL_B_SPLINE_CURVE((1.,
0.707106781187,1.,0.707106781187,1.)) REPRESENTATION_ITEM('') );
#804 = CARTESIAN_POINT('',(-4.909728277854,0.,6.700638265993));
#805 = CARTESIAN_POINT('',(-4.909728277854,-0.191446804743,
    6.700638265993));
#806 = CARTESIAN_POINT('',(-4.909728277854,-0.191446804743,6.50919146125
    ));
#807 = CARTESIAN_POINT('',(-4.909728277854,-0.191446804743,
    6.317744656508));
#808 = CARTESIAN_POINT('',(-4.909728277854,-2.344547166351E-17,
    6.317744656508));
#809 = FACE_BOUND('',#810,.T.);
#810 = EDGE_LOOP('',(#811,#812));
#811 = ORIENTED_EDGE('',*,*,#510,.F.);
#812 = ORIENTED_EDGE('',*,*,#772,.F.);
#813 = B_SPLINE_SURFACE_WITH_KNOTS('',1,1,(
    (#814,#815)
    ,(#816,#817
    )),.UNSPECIFIED.,.F.,.F.,.F.,(2,2),(2,2),(0.,2.775978668768),(
    -1.387989334384,1.387989334384),.PIECEWISE_BEZIER_KNOTS.);
#814 = CARTESIAN_POINT('',(-4.909728277854,-1.387989334384,
    5.121202126866));
#815 = CARTESIAN_POINT('',(-4.909728277854,1.387989334384,5.121202126866
    ));
#816 = CARTESIAN_POINT('',(-4.909728277854,-1.387989334384,
    7.897180795634));
#817 = CARTESIAN_POINT('',(-4.909728277854,1.387989334384,7.897180795634
    ));
#818 = ADVANCED_FACE('',(#819,#830),#841,.T.);
#819 = FACE_BOUND('',#820,.T.);
#820 = EDGE_LOOP('',(#821,#829));
#821 = ORIENTED_EDGE('',*,*,#822,.T.);
#822 = EDGE_CURVE('',#171,#169,#823,.T.);
#823 = ( BOUNDED_CURVE() B_SPLINE_CURVE(2,(#824,#825,#826,#827,#828),
.UNSPECIFIED.,.F.,.F.) B_SPLINE_CURVE_WITH_KNOTS((3,2,3),(0.,
1.570796326795,3.14159265359),.PIECEWISE_BEZIER_KNOTS.) CURVE() 
GEOMETRIC_REPRESENTATION_ITEM() RATIONAL_B_SPLINE_CURVE((1.,
0.707106781187,1.,0.707106781187,1.)) REPRESENTATION_ITEM('') );
#824 = CARTESIAN_POINT('',(4.909728277854,0.,6.317744656508));
#825 = CARTESIAN_POINT('',(4.909728277854,-0.191446804743,6.317744656508
    ));
#826 = CARTESIAN_POINT('',(4.909728277854,-0.191446804743,6.50919146125)
  );
#827 = CARTESIAN_POINT('',(4.909728277854,-0.191446804743,6.700638265993
    ));
#828 = CARTESIAN_POINT('',(4.909728277854,-2.344547166351E-17,
    6.700638265993));
#829 = ORIENTED_EDGE('',*,*,#168,.T.);
#830 = FACE_BOUND('',#831,.T.);
#831 = EDGE_LOOP('',(#832,#833));
#832 = ORIENTED_EDGE('',*,*,#475,.T.);
#833 = ORIENTED_EDGE('',*,*,#834,.T.);
#834 = EDGE_CURVE('',#468,#476,#835,.T.);
#835 = ( BOUNDED_CURVE() B_SPLINE_CURVE(2,(#836,#837,#838,#839,#840),
.UNSPECIFIED.,.F.,.F.) B_SPLINE_CURVE_WITH_KNOTS((3,2,3),(3.14159265359,
4.712388980385,6.28318530718),.PIECEWISE_BEZIER_KNOTS.) CURVE() 
GEOMETRIC_REPRESENTATION_ITEM() RATIONAL_B_SPLINE_CURVE((1.,
0.707106781187,1.,0.707106781187,1.)) REPRESENTATION_ITEM('') );
#836 = CARTESIAN_POINT('',(4.909728277854,1.699796695604E-16,
    7.897180795634));
#837 = CARTESIAN_POINT('',(4.909728277854,-1.387989334384,7.897180795634
    ));
#838 = CARTESIAN_POINT('',(4.909728277854,-1.387989334384,6.50919146125)
  );
#839 = CARTESIAN_POINT('',(4.909728277854,-1.387989334384,5.121202126866
    ));
#840 = CARTESIAN_POINT('',(4.909728277854,-3.399593391209E-16,
    5.121202126866));
#841 = B_SPLINE_SURFACE_WITH_KNOTS('',1,1,(
    (#842,#843)
    ,(#844,#845
    )),.UNSPECIFIED.,.F.,.F.,.F.,(2,2),(2,2),(-2.775978668768,0.),(
    -1.387989334384,1.387989334384),.PIECEWISE_BEZIER_KNOTS.);
#842 = CARTESIAN_POINT('',(4.909728277854,-1.387989334384,7.897180795634
    ));
#843 = CARTESIAN_POINT('',(4.909728277854,1.387989334384,7.897180795634)
  );
#844 = CARTESIAN_POINT('',(4.909728277854,-1.387989334384,5.121202126866
    ));
#845 = CARTESIAN_POINT('',(4.909728277854,1.387989334384,5.121202126866)
  );
#846 = ADVANCED_FACE('',(#847),#853,.T.);
#847 = FACE_BOUND('',#848,.T.);
#848 = EDGE_LOOP('',(#849,#850,#851,#852));
#849 = ORIENTED_EDGE('',*,*,#467,.F.);
#850 = ORIENTED_EDGE('',*,*,#432,.T.);
#851 = ORIENTED_EDGE('',*,*,#485,.T.);
#852 = ORIENTED_EDGE('',*,*,#834,.F.);
#853 = ( BOUNDED_SURFACE() B_SPLINE_SURFACE(2,2,(
    (#854,#855,#856)
    ,(#857,#858,#859)
    ,(#860,#861,#862)
    ,(#863,#864,#865)
    ,(#866,#867,#868
)),.UNSPECIFIED.,.F.,.F.,.F.) B_SPLINE_SURFACE_WITH_KNOTS((3,2,3),(3,3),
  (3.14159265359,4.712388980385,6.28318530718),(0.,1.570796326795),
.PIECEWISE_BEZIER_KNOTS.) GEOMETRIC_REPRESENTATION_ITEM() 
RATIONAL_B_SPLINE_SURFACE((
    (1.,0.707106781187,1.)
    ,(0.707106781187,0.5,0.707106781187)
    ,(1.,0.707106781187,1.)
    ,(0.707106781187,0.5,0.707106781187)
,(1.,0.707106781187,1.))) REPRESENTATION_ITEM('') SURFACE() );
#854 = CARTESIAN_POINT('',(4.62255807074,2.051478770557E-16,
    8.184351002748));
#855 = CARTESIAN_POINT('',(4.909728277854,2.051478770557E-16,
    8.184351002748));
#856 = CARTESIAN_POINT('',(4.909728277854,1.699796695604E-16,
    7.897180795634));
#857 = CARTESIAN_POINT('',(4.62255807074,-1.675159541498,8.184351002748)
  );
#858 = CARTESIAN_POINT('',(4.909728277854,-1.675159541498,8.184351002748
    ));
#859 = CARTESIAN_POINT('',(4.909728277854,-1.387989334384,7.897180795634
    ));
#860 = CARTESIAN_POINT('',(4.62255807074,-1.675159541498,6.50919146125)
  );
#861 = CARTESIAN_POINT('',(4.909728277854,-1.675159541498,6.50919146125)
  );
#862 = CARTESIAN_POINT('',(4.909728277854,-1.387989334384,6.50919146125)
  );
#863 = CARTESIAN_POINT('',(4.62255807074,-1.675159541498,4.834031919752)
  );
#864 = CARTESIAN_POINT('',(4.909728277854,-1.675159541498,4.834031919752
    ));
#865 = CARTESIAN_POINT('',(4.909728277854,-1.387989334384,5.121202126866
    ));
#866 = CARTESIAN_POINT('',(4.62255807074,-4.102957541114E-16,
    4.834031919752));
#867 = CARTESIAN_POINT('',(4.909728277854,-4.102957541114E-16,
    4.834031919752));
#868 = CARTESIAN_POINT('',(4.909728277854,-3.399593391209E-16,
    5.121202126866));
#869 = ADVANCED_FACE('',(#870),#883,.F.);
#870 = FACE_BOUND('',#871,.F.);
#871 = EDGE_LOOP('',(#872,#880,#881,#882));
#872 = ORIENTED_EDGE('',*,*,#873,.F.);
#873 = EDGE_CURVE('',#372,#387,#874,.T.);
#874 = ( BOUNDED_CURVE() B_SPLINE_CURVE(2,(#875,#876,#877,#878,#879),
.UNSPECIFIED.,.F.,.F.) B_SPLINE_CURVE_WITH_KNOTS((3,2,3),(0.,
1.570796326795,3.14159265359),.PIECEWISE_BEZIER_KNOTS.) CURVE() 
GEOMETRIC_REPRESENTATION_ITEM() RATIONAL_B_SPLINE_CURVE((1.,
0.707106781187,1.,0.707106781187,1.)) REPRESENTATION_ITEM('') );
#875 = CARTESIAN_POINT('',(4.991901911682,0.,4.985324062612));
#876 = CARTESIAN_POINT('',(4.991901911682,1.523867398638,4.985324062612)
  );
#877 = CARTESIAN_POINT('',(4.991901911682,1.523867398638,6.50919146125)
  );
#878 = CARTESIAN_POINT('',(4.991901911682,1.523867398638,8.033058859889)
  );
#879 = CARTESIAN_POINT('',(4.991901911682,1.866199332068E-16,
    8.033058859889));
#880 = ORIENTED_EDGE('',*,*,#415,.F.);
#881 = ORIENTED_EDGE('',*,*,#459,.T.);
#882 = ORIENTED_EDGE('',*,*,#424,.T.);
#883 = ( BOUNDED_SURFACE() B_SPLINE_SURFACE(2,2,(
    (#884,#885,#886)
    ,(#887,#888,#889)
    ,(#890,#891,#892)
    ,(#893,#894,#895)
    ,(#896,#897,#898
)),.UNSPECIFIED.,.F.,.F.,.F.) B_SPLINE_SURFACE_WITH_KNOTS((3,2,3),(3,3),
  (0.,1.570796326795,3.14159265359),(0.,0.777550788436),
.PIECEWISE_BEZIER_KNOTS.) GEOMETRIC_REPRESENTATION_ITEM() 
RATIONAL_B_SPLINE_SURFACE((
    (1.,0.925373947148,1.)
    ,(0.707106781187,0.654338193162,0.707106781187)
    ,(1.,0.925373947148,1.)
    ,(0.707106781187,0.654338193162,0.707106781187)
,(1.,0.925373947148,1.))) REPRESENTATION_ITEM('') SURFACE() );
#884 = CARTESIAN_POINT('',(4.62255807074,0.,4.834031919752));
#885 = CARTESIAN_POINT('',(4.838216446045,0.,4.834031919752));
#886 = CARTESIAN_POINT('',(4.991901911682,0.,4.985324062612));
#887 = CARTESIAN_POINT('',(4.62255807074,1.675159541498,4.834031919752)
  );
#888 = CARTESIAN_POINT('',(4.838216446045,1.675159541498,4.834031919752)
  );
#889 = CARTESIAN_POINT('',(4.991901911682,1.523867398638,4.985324062612)
  );
#890 = CARTESIAN_POINT('',(4.62255807074,1.675159541498,6.50919146125));
#891 = CARTESIAN_POINT('',(4.838216446045,1.675159541498,6.50919146125)
  );
#892 = CARTESIAN_POINT('',(4.991901911682,1.523867398638,6.50919146125)
  );
#893 = CARTESIAN_POINT('',(4.62255807074,1.675159541498,8.184351002748)
  );
#894 = CARTESIAN_POINT('',(4.838216446045,1.675159541498,8.184351002748)
  );
#895 = CARTESIAN_POINT('',(4.991901911682,1.523867398638,8.033058859889)
  );
#896 = CARTESIAN_POINT('',(4.62255807074,2.051478770557E-16,
    8.184351002748));
#897 = CARTESIAN_POINT('',(4.838216446045,2.051478770557E-16,
    8.184351002748));
#898 = CARTESIAN_POINT('',(4.991901911682,1.866199332068E-16,
    8.033058859889));
#899 = ADVANCED_FACE('',(#900),#906,.F.);
#900 = FACE_BOUND('',#901,.F.);
#901 = EDGE_LOOP('',(#902,#903,#904,#905));
#902 = ORIENTED_EDGE('',*,*,#336,.F.);
#903 = ORIENTED_EDGE('',*,*,#371,.F.);
#904 = ORIENTED_EDGE('',*,*,#873,.T.);
#905 = ORIENTED_EDGE('',*,*,#386,.T.);
#906 = ( BOUNDED_SURFACE() B_SPLINE_SURFACE(2,1,(
    (#907,#908)
    ,(#909,#910)
    ,(#911,#912)
    ,(#913,#914)
,(#915,#916
    )),.UNSPECIFIED.,.F.,.F.,.F.) B_SPLINE_SURFACE_WITH_KNOTS((3,2,3),(2
    ,2),(0.,1.570796326795,3.14159265359),(-1.514693704534E-16,
    4.786170118566E-02),.PIECEWISE_BEZIER_KNOTS.) 
GEOMETRIC_REPRESENTATION_ITEM() RATIONAL_B_SPLINE_SURFACE((
    (1.,1.)
    ,(0.707106781187,0.707106781187)
    ,(1.,1.)
    ,(0.707106781187,0.707106781187)
,(1.,1.))) REPRESENTATION_ITEM('') SURFACE() );
#907 = CARTESIAN_POINT('',(4.991901911682,0.,4.985324062612));
#908 = CARTESIAN_POINT('',(5.025478624495,0.,4.951216192595));
#909 = CARTESIAN_POINT('',(4.991901911682,1.523867398638,4.985324062612)
  );
#910 = CARTESIAN_POINT('',(5.025478624495,1.557975268655,4.951216192595)
  );
#911 = CARTESIAN_POINT('',(4.991901911682,1.523867398638,6.50919146125)
  );
#912 = CARTESIAN_POINT('',(5.025478624495,1.557975268655,6.50919146125)
  );
#913 = CARTESIAN_POINT('',(4.991901911682,1.523867398638,8.033058859889)
  );
#914 = CARTESIAN_POINT('',(5.025478624495,1.557975268655,8.067166729905)
  );
#915 = CARTESIAN_POINT('',(4.991901911682,1.866199332068E-16,
    8.033058859889));
#916 = CARTESIAN_POINT('',(5.025478624495,1.907969425909E-16,
    8.067166729905));
#917 = ADVANCED_FACE('',(#918),#931,.T.);
#918 = FACE_BOUND('',#919,.T.);
#919 = EDGE_LOOP('',(#920,#921,#929,#930));
#920 = ORIENTED_EDGE('',*,*,#328,.F.);
#921 = ORIENTED_EDGE('',*,*,#922,.T.);
#922 = EDGE_CURVE('',#292,#299,#923,.T.);
#923 = ( BOUNDED_CURVE() B_SPLINE_CURVE(2,(#924,#925,#926,#927,#928),
.UNSPECIFIED.,.F.,.F.) B_SPLINE_CURVE_WITH_KNOTS((3,2,3),(3.14159265359,
4.712388980385,6.28318530718),.PIECEWISE_BEZIER_KNOTS.) CURVE() 
GEOMETRIC_REPRESENTATION_ITEM() RATIONAL_B_SPLINE_CURVE((1.,
0.707106781187,1.,0.707106781187,1.)) REPRESENTATION_ITEM('') );
#924 = CARTESIAN_POINT('',(4.62255807074,2.110092449716E-16,
    8.232212703934));
#925 = CARTESIAN_POINT('',(4.62255807074,-1.723021242684,8.232212703934)
  );
#926 = CARTESIAN_POINT('',(4.62255807074,-1.723021242684,6.50919146125)
  );
#927 = CARTESIAN_POINT('',(4.62255807074,-1.723021242684,4.786170218566)
  );
#928 = CARTESIAN_POINT('',(4.62255807074,-4.220184899431E-16,
    4.786170218566));
#929 = ORIENTED_EDGE('',*,*,#346,.T.);
#930 = ORIENTED_EDGE('',*,*,#378,.F.);
#931 = ( BOUNDED_SURFACE() B_SPLINE_SURFACE(2,2,(
    (#932,#933,#934)
    ,(#935,#936,#937)
    ,(#938,#939,#940)
    ,(#941,#942,#943)
    ,(#944,#945,#946
)),.UNSPECIFIED.,.F.,.F.,.F.) B_SPLINE_SURFACE_WITH_KNOTS((3,2,3),(3,3),
  (3.14159265359,4.712388980385,6.28318530718),(0.,0.777550788436),
.PIECEWISE_BEZIER_KNOTS.) GEOMETRIC_REPRESENTATION_ITEM() 
RATIONAL_B_SPLINE_SURFACE((
    (1.,0.925373947148,1.)
    ,(0.707106781187,0.654338193162,0.707106781187)
    ,(1.,0.925373947148,1.)
    ,(0.707106781187,0.654338193162,0.707106781187)
,(1.,0.925373947148,1.))) REPRESENTATION_ITEM('') SURFACE() );
#932 = CARTESIAN_POINT('',(4.62255807074,2.110092449716E-16,
    8.232212703934));
#933 = CARTESIAN_POINT('',(4.857821752891,2.110092449716E-16,
    8.232212703934));
#934 = CARTESIAN_POINT('',(5.025478624495,1.907969425909E-16,
    8.067166729905));
#935 = CARTESIAN_POINT('',(4.62255807074,-1.723021242684,8.232212703934)
  );
#936 = CARTESIAN_POINT('',(4.857821752891,-1.723021242684,8.232212703934
    ));
#937 = CARTESIAN_POINT('',(5.025478624495,-1.557975268655,8.067166729905
    ));
#938 = CARTESIAN_POINT('',(4.62255807074,-1.723021242684,6.50919146125)
  );
#939 = CARTESIAN_POINT('',(4.857821752891,-1.723021242684,6.50919146125)
  );
#940 = CARTESIAN_POINT('',(5.025478624495,-1.557975268655,6.50919146125)
  );
#941 = CARTESIAN_POINT('',(4.62255807074,-1.723021242684,4.786170218566)
  );
#942 = CARTESIAN_POINT('',(4.857821752891,-1.723021242684,4.786170218566
    ));
#943 = CARTESIAN_POINT('',(5.025478624495,-1.557975268655,4.951216192595
    ));
#944 = CARTESIAN_POINT('',(4.62255807074,-4.220184899431E-16,
    4.786170218566));
#945 = CARTESIAN_POINT('',(4.857821752891,-4.220184899431E-16,
    4.786170218566));
#946 = CARTESIAN_POINT('',(5.025478624495,-3.815938851818E-16,
    4.951216192595));
#947 = ADVANCED_FACE('',(#948),#954,.T.);
#948 = FACE_BOUND('',#949,.T.);
#949 = EDGE_LOOP('',(#950,#951,#952,#953));
#950 = ORIENTED_EDGE('',*,*,#291,.F.);
#951 = ORIENTED_EDGE('',*,*,#696,.T.);
#952 = ORIENTED_EDGE('',*,*,#308,.T.);
#953 = ORIENTED_EDGE('',*,*,#922,.F.);
#954 = ( BOUNDED_SURFACE() B_SPLINE_SURFACE(2,1,(
    (#955,#956)
    ,(#957,#958)
    ,(#959,#960)
    ,(#961,#962)
,(#963,#964
    )),.UNSPECIFIED.,.F.,.F.,.F.) B_SPLINE_SURFACE_WITH_KNOTS((3,2,3),(2
    ,2),(3.14159265359,4.712388980385,6.28318530718),(0.287170207114,
    9.532286348595),.PIECEWISE_BEZIER_KNOTS.) 
GEOMETRIC_REPRESENTATION_ITEM() RATIONAL_B_SPLINE_SURFACE((
    (1.,1.)
    ,(0.707106781187,0.707106781187)
    ,(1.,1.)
    ,(0.707106781187,0.707106781187)
,(1.,1.))) REPRESENTATION_ITEM('') SURFACE() );
#955 = CARTESIAN_POINT('',(-4.62255807074,2.110092449716E-16,
    8.232212703934));
#956 = CARTESIAN_POINT('',(4.62255807074,2.110092449716E-16,
    8.232212703934));
#957 = CARTESIAN_POINT('',(-4.62255807074,-1.723021242684,8.232212703934
    ));
#958 = CARTESIAN_POINT('',(4.62255807074,-1.723021242684,8.232212703934)
  );
#959 = CARTESIAN_POINT('',(-4.62255807074,-1.723021242684,6.50919146125)
  );
#960 = CARTESIAN_POINT('',(4.62255807074,-1.723021242684,6.50919146125)
  );
#961 = CARTESIAN_POINT('',(-4.62255807074,-1.723021242684,4.786170218566
    ));
#962 = CARTESIAN_POINT('',(4.62255807074,-1.723021242684,4.786170218566)
  );
#963 = CARTESIAN_POINT('',(-4.62255807074,-4.220184899431E-16,
    4.786170218566));
#964 = CARTESIAN_POINT('',(4.62255807074,-4.220184899431E-16,
    4.786170218566));
#965 = ADVANCED_FACE('',(#966),#979,.T.);
#966 = FACE_BOUND('',#967,.T.);
#967 = EDGE_LOOP('',(#968,#969,#977,#978));
#968 = ORIENTED_EDGE('',*,*,#206,.F.);
#969 = ORIENTED_EDGE('',*,*,#970,.F.);
#970 = EDGE_CURVE('',#97,#89,#971,.T.);
#971 = ( BOUNDED_CURVE() B_SPLINE_CURVE(2,(#972,#973,#974,#975,#976),
.UNSPECIFIED.,.F.,.F.) B_SPLINE_CURVE_WITH_KNOTS((3,2,3),(3.14159265359,
4.712388980385,6.28318530718),.PIECEWISE_BEZIER_KNOTS.) CURVE() 
GEOMETRIC_REPRESENTATION_ITEM() RATIONAL_B_SPLINE_CURVE((1.,
0.707106781187,1.,0.707106781187,1.)) REPRESENTATION_ITEM('') );
#972 = CARTESIAN_POINT('',(-5.551957337537,2.344547166351E-17,
    6.317744656508));
#973 = CARTESIAN_POINT('',(-5.551957337537,-0.191446804743,
    6.317744656508));
#974 = CARTESIAN_POINT('',(-5.551957337537,-0.191446804743,6.50919146125
    ));
#975 = CARTESIAN_POINT('',(-5.551957337537,-0.191446804743,
    6.700638265993));
#976 = CARTESIAN_POINT('',(-5.551957337537,-4.689094332702E-17,
    6.700638265993));
#977 = ORIENTED_EDGE('',*,*,#223,.T.);
#978 = ORIENTED_EDGE('',*,*,#802,.F.);
#979 = ( BOUNDED_SURFACE() B_SPLINE_SURFACE(2,1,(
    (#980,#981)
    ,(#982,#983)
    ,(#984,#985)
    ,(#986,#987)
,(#988,#989
    )),.UNSPECIFIED.,.F.,.F.,.F.) B_SPLINE_SURFACE_WITH_KNOTS((3,2,3),(2
    ,2),(3.14159265359,4.712388980385,6.28318530718),(0.,0.642229059683)
,.PIECEWISE_BEZIER_KNOTS.) GEOMETRIC_REPRESENTATION_ITEM() 
RATIONAL_B_SPLINE_SURFACE((
    (1.,1.)
    ,(0.707106781187,0.707106781187)
    ,(1.,1.)
    ,(0.707106781187,0.707106781187)
,(1.,1.))) REPRESENTATION_ITEM('') SURFACE() );
#980 = CARTESIAN_POINT('',(-5.551957337537,2.344547166351E-17,
    6.700638265993));
#981 = CARTESIAN_POINT('',(-4.909728277854,2.344547166351E-17,
    6.700638265993));
#982 = CARTESIAN_POINT('',(-5.551957337537,-0.191446804743,
    6.700638265993));
#983 = CARTESIAN_POINT('',(-4.909728277854,-0.191446804743,
    6.700638265993));
#984 = CARTESIAN_POINT('',(-5.551957337537,-0.191446804743,6.50919146125
    ));
#985 = CARTESIAN_POINT('',(-4.909728277854,-0.191446804743,6.50919146125
    ));
#986 = CARTESIAN_POINT('',(-5.551957337537,-0.191446804743,
    6.317744656508));
#987 = CARTESIAN_POINT('',(-4.909728277854,-0.191446804743,
    6.317744656508));
#988 = CARTESIAN_POINT('',(-5.551957337537,-4.689094332702E-17,
    6.317744656508));
#989 = CARTESIAN_POINT('',(-4.909728277854,-4.689094332702E-17,
    6.317744656508));
#990 = ADVANCED_FACE('',(#991),#1004,.T.);
#991 = FACE_BOUND('',#992,.T.);
#992 = EDGE_LOOP('',(#993,#994,#1002,#1003));
#993 = ORIENTED_EDGE('',*,*,#88,.F.);
#994 = ORIENTED_EDGE('',*,*,#995,.F.);
#995 = EDGE_CURVE('',#79,#77,#996,.T.);
#996 = ( BOUNDED_CURVE() B_SPLINE_CURVE(2,(#997,#998,#999,#1000,#1001),
.UNSPECIFIED.,.F.,.F.) B_SPLINE_CURVE_WITH_KNOTS((3,2,3),(3.14159265359,
4.712388980385,6.28318530718),.PIECEWISE_BEZIER_KNOTS.) CURVE() 
GEOMETRIC_REPRESENTATION_ITEM() RATIONAL_B_SPLINE_CURVE((1.,
0.707106781187,1.,0.707106781187,1.)) REPRESENTATION_ITEM('') );
#997 = CARTESIAN_POINT('',(-5.839127544651,2.344547166351E-17,
    6.030574449394));
#998 = CARTESIAN_POINT('',(-5.839127544651,-0.191446804743,
    6.030574449394));
#999 = CARTESIAN_POINT('',(-6.030574349394,-0.191446804743,
    6.030574449394));
#1000 = CARTESIAN_POINT('',(-6.222021154136,-0.191446804743,
    6.030574449394));
#1001 = CARTESIAN_POINT('',(-6.222021154136,-4.689094332702E-17,
    6.030574449394));
#1002 = ORIENTED_EDGE('',*,*,#106,.T.);
#1003 = ORIENTED_EDGE('',*,*,#970,.T.);
#1004 = ( BOUNDED_SURFACE() B_SPLINE_SURFACE(2,2,(
    (#1005,#1006,#1007,#1008,#1009)
    ,(#1010,#1011,#1012,#1013,#1014)
    ,(#1015,#1016,#1017,#1018,#1019
)),.UNSPECIFIED.,.F.,.F.,.F.) B_SPLINE_SURFACE_WITH_KNOTS((3,3),(3,2,3),
  (4.712388980385,6.28318530718),(3.14159265359,4.712388980385,
    6.28318530718),.PIECEWISE_BEZIER_KNOTS.) 
GEOMETRIC_REPRESENTATION_ITEM() RATIONAL_B_SPLINE_SURFACE((
    (1.,0.707106781187,1.,0.707106781187,1.)
    ,(0.707106781187,0.5,0.707106781187,0.5,0.707106781187)
,(1.,0.707106781187,1.,0.707106781187,1.
))) REPRESENTATION_ITEM('') SURFACE() );
#1005 = CARTESIAN_POINT('',(-5.839127544651,2.344547166351E-17,
    6.030574449394));
#1006 = CARTESIAN_POINT('',(-5.839127544651,-0.191446804743,
    6.030574449394));
#1007 = CARTESIAN_POINT('',(-6.030574349394,-0.191446804743,
    6.030574449394));
#1008 = CARTESIAN_POINT('',(-6.222021154136,-0.191446804743,
    6.030574449394));
#1009 = CARTESIAN_POINT('',(-6.222021154136,-4.689094332702E-17,
    6.030574449394));
#1010 = CARTESIAN_POINT('',(-5.839127544651,2.344547166351E-17,
    6.317744656508));
#1011 = CARTESIAN_POINT('',(-5.839127544651,-0.191446804743,
    6.317744656508));
#1012 = CARTESIAN_POINT('',(-6.030574349394,-0.191446804743,
    6.50919146125));
#1013 = CARTESIAN_POINT('',(-6.222021154136,-0.191446804743,
    6.700638265993));
#1014 = CARTESIAN_POINT('',(-6.222021154136,-4.689094332702E-17,
    6.700638265993));
#1015 = CARTESIAN_POINT('',(-5.551957337537,2.344547166351E-17,
    6.317744656508));
#1016 = CARTESIAN_POINT('',(-5.551957337537,-0.191446804743,
    6.317744656508));
#1017 = CARTESIAN_POINT('',(-5.551957337537,-0.191446804743,
    6.50919146125));
#1018 = CARTESIAN_POINT('',(-5.551957337537,-0.191446804743,
    6.700638265993));
#1019 = CARTESIAN_POINT('',(-5.551957337537,-4.689094332702E-17,
    6.700638265993));
#1020 = ADVANCED_FACE('',(#1021),#1034,.T.);
#1021 = FACE_BOUND('',#1022,.T.);
#1022 = EDGE_LOOP('',(#1023,#1024,#1032,#1033));
#1023 = ORIENTED_EDGE('',*,*,#254,.F.);
#1024 = ORIENTED_EDGE('',*,*,#1025,.F.);
#1025 = EDGE_CURVE('',#245,#243,#1026,.T.);
#1026 = ( BOUNDED_CURVE() B_SPLINE_CURVE(2,(#1027,#1028,#1029,#1030,
#1031),.UNSPECIFIED.,.F.,.F.) B_SPLINE_CURVE_WITH_KNOTS((3,2,3),(
    3.14159265359,4.712388980385,6.28318530718),
.PIECEWISE_BEZIER_KNOTS.) CURVE() GEOMETRIC_REPRESENTATION_ITEM() 
RATIONAL_B_SPLINE_CURVE((1.,0.707106781187,1.,0.707106781187,1.)) 
REPRESENTATION_ITEM('') );
#1027 = CARTESIAN_POINT('',(-5.839127544651,2.344547166351E-17,
    1.000000011686E-07));
#1028 = CARTESIAN_POINT('',(-5.839127544651,-0.191446804743,
    1.000000011686E-07));
#1029 = CARTESIAN_POINT('',(-6.030574349394,-0.191446804743,
    1.000000011686E-07));
#1030 = CARTESIAN_POINT('',(-6.222021154136,-0.191446804743,
    1.000000011686E-07));
#1031 = CARTESIAN_POINT('',(-6.222021154136,-4.689094332702E-17,
    1.000000011686E-07));
#1032 = ORIENTED_EDGE('',*,*,#260,.T.);
#1033 = ORIENTED_EDGE('',*,*,#995,.T.);
#1034 = ( BOUNDED_SURFACE() B_SPLINE_SURFACE(2,1,(
    (#1035,#1036)
    ,(#1037,#1038)
    ,(#1039,#1040)
    ,(#1041,#1042)
    ,(#1043,#1044
)),.UNSPECIFIED.,.F.,.F.,.F.) B_SPLINE_SURFACE_WITH_KNOTS((3,2,3),(2,2),
  (3.14159265359,4.712388980385,6.28318530718),(0.,6.030574349394),
.PIECEWISE_BEZIER_KNOTS.) GEOMETRIC_REPRESENTATION_ITEM() 
RATIONAL_B_SPLINE_SURFACE((
    (1.,1.)
    ,(0.707106781187,0.707106781187)
    ,(1.,1.)
    ,(0.707106781187,0.707106781187)
,(1.,1.))) REPRESENTATION_ITEM('') SURFACE() );
#1035 = CARTESIAN_POINT('',(-6.222021154136,2.344547166351E-17,
    1.000000011686E-07));
#1036 = CARTESIAN_POINT('',(-6.222021154136,2.344547166351E-17,
    6.030574449394));
#1037 = CARTESIAN_POINT('',(-6.222021154136,-0.191446804743,
    1.000000011686E-07));
#1038 = CARTESIAN_POINT('',(-6.222021154136,-0.191446804743,
    6.030574449394));
#1039 = CARTESIAN_POINT('',(-6.030574349394,-0.191446804743,
    1.000000011686E-07));
#1040 = CARTESIAN_POINT('',(-6.030574349394,-0.191446804743,
    6.030574449394));
#1041 = CARTESIAN_POINT('',(-5.839127544651,-0.191446804743,
    1.000000011686E-07));
#1042 = CARTESIAN_POINT('',(-5.839127544651,-0.191446804743,
    6.030574449394));
#1043 = CARTESIAN_POINT('',(-5.839127544651,-4.689094332702E-17,
    1.000000011686E-07));
#1044 = CARTESIAN_POINT('',(-5.839127544651,-4.689094332702E-17,
    6.030574449394));
#1045 = ADVANCED_FACE('',(#1046),#1050,.T.);
#1046 = FACE_BOUND('',#1047,.T.);
#1047 = EDGE_LOOP('',(#1048,#1049));
#1048 = ORIENTED_EDGE('',*,*,#1025,.T.);
#1049 = ORIENTED_EDGE('',*,*,#242,.T.);
#1050 = B_SPLINE_SURFACE_WITH_KNOTS('',1,1,(
    (#1051,#1052)
    ,(#1053,#1054
    )),.UNSPECIFIED.,.F.,.F.,.F.,(2,2),(2,2),(-0.191446804743,
    0.191446804743),(-0.191446804743,0.191446804743),
  .PIECEWISE_BEZIER_KNOTS.);
#1051 = CARTESIAN_POINT('',(-5.839127544651,-0.191446804743,
    1.000000011686E-07));
#1052 = CARTESIAN_POINT('',(-5.839127544651,0.191446804743,
    1.000000011686E-07));
#1053 = CARTESIAN_POINT('',(-6.222021154136,-0.191446804743,
    1.000000011686E-07));
#1054 = CARTESIAN_POINT('',(-6.222021154136,0.191446804743,
    1.000000011686E-07));
#1055 = ADVANCED_FACE('',(#1056),#1076,.T.);
#1056 = FACE_BOUND('',#1057,.T.);
#1057 = EDGE_LOOP('',(#1058,#1059,#1067,#1068));
#1058 = ORIENTED_EDGE('',*,*,#132,.F.);
#1059 = ORIENTED_EDGE('',*,*,#1060,.F.);
#1060 = EDGE_CURVE('',#42,#34,#1061,.T.);
#1061 = ( BOUNDED_CURVE() B_SPLINE_CURVE(2,(#1062,#1063,#1064,#1065,
#1066),.UNSPECIFIED.,.F.,.F.) B_SPLINE_CURVE_WITH_KNOTS((3,2,3),(
    3.14159265359,4.712388980385,6.28318530718),
.PIECEWISE_BEZIER_KNOTS.) CURVE() GEOMETRIC_REPRESENTATION_ITEM() 
RATIONAL_B_SPLINE_CURVE((1.,0.707106781187,1.,0.707106781187,1.)) 
REPRESENTATION_ITEM('') );
#1062 = CARTESIAN_POINT('',(5.839127544651,2.344547166351E-17,
    6.030574449394));
#1063 = CARTESIAN_POINT('',(5.839127544651,-0.191446804743,
    6.030574449394));
#1064 = CARTESIAN_POINT('',(6.030574349394,-0.191446804743,
    6.030574449394));
#1065 = CARTESIAN_POINT('',(6.222021154136,-0.191446804743,
    6.030574449394));
#1066 = CARTESIAN_POINT('',(6.222021154136,-4.689094332702E-17,
    6.030574449394));
#1067 = ORIENTED_EDGE('',*,*,#149,.T.);
#1068 = ORIENTED_EDGE('',*,*,#1069,.T.);
#1069 = EDGE_CURVE('',#140,#133,#1070,.T.);
#1070 = ( BOUNDED_CURVE() B_SPLINE_CURVE(2,(#1071,#1072,#1073,#1074,
#1075),.UNSPECIFIED.,.F.,.F.) B_SPLINE_CURVE_WITH_KNOTS((3,2,3),(
    3.14159265359,4.712388980385,6.28318530718),
.PIECEWISE_BEZIER_KNOTS.) CURVE() GEOMETRIC_REPRESENTATION_ITEM() 
RATIONAL_B_SPLINE_CURVE((1.,0.707106781187,1.,0.707106781187,1.)) 
REPRESENTATION_ITEM('') );
#1071 = CARTESIAN_POINT('',(5.839127544651,2.344547166351E-17,
    1.000000002804E-07));
#1072 = CARTESIAN_POINT('',(5.839127544651,-0.191446804743,
    1.000000002804E-07));
#1073 = CARTESIAN_POINT('',(6.030574349394,-0.191446804743,
    1.000000002804E-07));
#1074 = CARTESIAN_POINT('',(6.222021154136,-0.191446804743,
    1.000000002804E-07));
#1075 = CARTESIAN_POINT('',(6.222021154136,-4.689094332702E-17,
    1.000000002804E-07));
#1076 = ( BOUNDED_SURFACE() B_SPLINE_SURFACE(2,1,(
    (#1077,#1078)
    ,(#1079,#1080)
    ,(#1081,#1082)
    ,(#1083,#1084)
    ,(#1085,#1086
)),.UNSPECIFIED.,.F.,.F.,.F.) B_SPLINE_SURFACE_WITH_KNOTS((3,2,3),(2,2),
  (3.14159265359,4.712388980385,6.28318530718),(0.,6.030574349394),
.PIECEWISE_BEZIER_KNOTS.) GEOMETRIC_REPRESENTATION_ITEM() 
RATIONAL_B_SPLINE_SURFACE((
    (1.,1.)
    ,(0.707106781187,0.707106781187)
    ,(1.,1.)
    ,(0.707106781187,0.707106781187)
,(1.,1.))) REPRESENTATION_ITEM('') SURFACE() );
#1077 = CARTESIAN_POINT('',(6.222021154136,2.344547166351E-17,
    6.030574449394));
#1078 = CARTESIAN_POINT('',(6.222021154136,2.344547166351E-17,
    1.000000002804E-07));
#1079 = CARTESIAN_POINT('',(6.222021154136,-0.191446804743,
    6.030574449394));
#1080 = CARTESIAN_POINT('',(6.222021154136,-0.191446804743,
    1.000000002804E-07));
#1081 = CARTESIAN_POINT('',(6.030574349394,-0.191446804743,
    6.030574449394));
#1082 = CARTESIAN_POINT('',(6.030574349394,-0.191446804743,
    1.000000002804E-07));
#1083 = CARTESIAN_POINT('',(5.839127544651,-0.191446804743,
    6.030574449394));
#1084 = CARTESIAN_POINT('',(5.839127544651,-0.191446804743,
    1.000000002804E-07));
#1085 = CARTESIAN_POINT('',(5.839127544651,-4.689094332702E-17,
    6.030574449394));
#1086 = CARTESIAN_POINT('',(5.839127544651,-4.689094332702E-17,
    1.000000002804E-07));
#1087 = ADVANCED_FACE('',(#1088),#1101,.T.);
#1088 = FACE_BOUND('',#1089,.T.);
#1089 = EDGE_LOOP('',(#1090,#1091,#1099,#1100));
#1090 = ORIENTED_EDGE('',*,*,#33,.F.);
#1091 = ORIENTED_EDGE('',*,*,#1092,.F.);
#1092 = EDGE_CURVE('',#24,#22,#1093,.T.);
#1093 = ( BOUNDED_CURVE() B_SPLINE_CURVE(2,(#1094,#1095,#1096,#1097,
#1098),.UNSPECIFIED.,.F.,.F.) B_SPLINE_CURVE_WITH_KNOTS((3,2,3),(
    3.14159265359,4.712388980385,6.28318530718),
.PIECEWISE_BEZIER_KNOTS.) CURVE() GEOMETRIC_REPRESENTATION_ITEM() 
RATIONAL_B_SPLINE_CURVE((1.,0.707106781187,1.,0.707106781187,1.)) 
REPRESENTATION_ITEM('') );
#1094 = CARTESIAN_POINT('',(5.551957337537,2.344547166351E-17,
    6.317744656508));
#1095 = CARTESIAN_POINT('',(5.551957337537,-0.191446804743,
    6.317744656508));
#1096 = CARTESIAN_POINT('',(5.551957337537,-0.191446804743,6.50919146125
    ));
#1097 = CARTESIAN_POINT('',(5.551957337537,-0.191446804743,
    6.700638265993));
#1098 = CARTESIAN_POINT('',(5.551957337537,-4.689094332702E-17,
    6.700638265993));
#1099 = ORIENTED_EDGE('',*,*,#51,.T.);
#1100 = ORIENTED_EDGE('',*,*,#1060,.T.);
#1101 = ( BOUNDED_SURFACE() B_SPLINE_SURFACE(2,2,(
    (#1102,#1103,#1104,#1105,#1106)
    ,(#1107,#1108,#1109,#1110,#1111)
    ,(#1112,#1113,#1114,#1115,#1116
)),.UNSPECIFIED.,.F.,.F.,.F.) B_SPLINE_SURFACE_WITH_KNOTS((3,3),(3,2,3),
  (0.,1.570796326795),(3.14159265359,4.712388980385,6.28318530718),
.PIECEWISE_BEZIER_KNOTS.) GEOMETRIC_REPRESENTATION_ITEM() 
RATIONAL_B_SPLINE_SURFACE((
    (1.,0.707106781187,1.,0.707106781187,1.)
    ,(0.707106781187,0.5,0.707106781187,0.5,0.707106781187)
,(1.,0.707106781187,1.,0.707106781187,1.
))) REPRESENTATION_ITEM('') SURFACE() );
#1102 = CARTESIAN_POINT('',(5.551957337537,2.344547166351E-17,
    6.317744656508));
#1103 = CARTESIAN_POINT('',(5.551957337537,-0.191446804743,
    6.317744656508));
#1104 = CARTESIAN_POINT('',(5.551957337537,-0.191446804743,6.50919146125
    ));
#1105 = CARTESIAN_POINT('',(5.551957337537,-0.191446804743,
    6.700638265993));
#1106 = CARTESIAN_POINT('',(5.551957337537,-4.689094332702E-17,
    6.700638265993));
#1107 = CARTESIAN_POINT('',(5.839127544651,2.344547166351E-17,
    6.317744656508));
#1108 = CARTESIAN_POINT('',(5.839127544651,-0.191446804743,
    6.317744656508));
#1109 = CARTESIAN_POINT('',(6.030574349394,-0.191446804743,6.50919146125
    ));
#1110 = CARTESIAN_POINT('',(6.222021154136,-0.191446804743,
    6.700638265993));
#1111 = CARTESIAN_POINT('',(6.222021154136,-4.689094332702E-17,
    6.700638265993));
#1112 = CARTESIAN_POINT('',(5.839127544651,2.344547166351E-17,
    6.030574449394));
#1113 = CARTESIAN_POINT('',(5.839127544651,-0.191446804743,
    6.030574449394));
#1114 = CARTESIAN_POINT('',(6.030574349394,-0.191446804743,
    6.030574449394));
#1115 = CARTESIAN_POINT('',(6.222021154136,-0.191446804743,
    6.030574449394));
#1116 = CARTESIAN_POINT('',(6.222021154136,-4.689094332702E-17,
    6.030574449394));
#1117 = ADVANCED_FACE('',(#1118),#1124,.T.);
#1118 = FACE_BOUND('',#1119,.T.);
#1119 = EDGE_LOOP('',(#1120,#1121,#1122,#1123));
#1120 = ORIENTED_EDGE('',*,*,#180,.F.);
#1121 = ORIENTED_EDGE('',*,*,#822,.F.);
#1122 = ORIENTED_EDGE('',*,*,#186,.T.);
#1123 = ORIENTED_EDGE('',*,*,#1092,.T.);
#1124 = ( BOUNDED_SURFACE() B_SPLINE_SURFACE(2,1,(
    (#1125,#1126)
    ,(#1127,#1128)
    ,(#1129,#1130)
    ,(#1131,#1132)
    ,(#1133,#1134
)),.UNSPECIFIED.,.F.,.F.,.F.) B_SPLINE_SURFACE_WITH_KNOTS((3,2,3),(2,2),
  (3.14159265359,4.712388980385,6.28318530718),(4.909728277854,
    5.551957337537),.PIECEWISE_BEZIER_KNOTS.) 
GEOMETRIC_REPRESENTATION_ITEM() RATIONAL_B_SPLINE_SURFACE((
    (1.,1.)
    ,(0.707106781187,0.707106781187)
    ,(1.,1.)
    ,(0.707106781187,0.707106781187)
,(1.,1.))) REPRESENTATION_ITEM('') SURFACE() );
#1125 = CARTESIAN_POINT('',(4.909728277854,2.344547166351E-17,
    6.700638265993));
#1126 = CARTESIAN_POINT('',(5.551957337537,2.344547166351E-17,
    6.700638265993));
#1127 = CARTESIAN_POINT('',(4.909728277854,-0.191446804743,
    6.700638265993));
#1128 = CARTESIAN_POINT('',(5.551957337537,-0.191446804743,
    6.700638265993));
#1129 = CARTESIAN_POINT('',(4.909728277854,-0.191446804743,6.50919146125
    ));
#1130 = CARTESIAN_POINT('',(5.551957337537,-0.191446804743,6.50919146125
    ));
#1131 = CARTESIAN_POINT('',(4.909728277854,-0.191446804743,
    6.317744656508));
#1132 = CARTESIAN_POINT('',(5.551957337537,-0.191446804743,
    6.317744656508));
#1133 = CARTESIAN_POINT('',(4.909728277854,-4.689094332702E-17,
    6.317744656508));
#1134 = CARTESIAN_POINT('',(5.551957337537,-4.689094332702E-17,
    6.317744656508));
#1135 = ADVANCED_FACE('',(#1136),#1140,.F.);
#1136 = FACE_BOUND('',#1137,.T.);
#1137 = EDGE_LOOP('',(#1138,#1139));
#1138 = ORIENTED_EDGE('',*,*,#1069,.F.);
#1139 = ORIENTED_EDGE('',*,*,#139,.F.);
#1140 = B_SPLINE_SURFACE_WITH_KNOTS('',1,1,(
    (#1141,#1142)
    ,(#1143,#1144
    )),.UNSPECIFIED.,.F.,.F.,.F.,(2,2),(2,2),(-0.191446804743,
    0.191446804743),(-0.191446804743,0.191446804743),
  .PIECEWISE_BEZIER_KNOTS.);
#1141 = CARTESIAN_POINT('',(5.839127544651,-0.191446804743,
    1.000000002804E-07));
#1142 = CARTESIAN_POINT('',(5.839127544651,0.191446804743,
    1.000000002804E-07));
#1143 = CARTESIAN_POINT('',(6.222021154136,-0.191446804743,
    1.000000002804E-07));
#1144 = CARTESIAN_POINT('',(6.222021154136,0.191446804743,
    1.000000002804E-07));
#1145 = ( GEOMETRIC_REPRESENTATION_CONTEXT(3) 
GLOBAL_UNCERTAINTY_ASSIGNED_CONTEXT((#1149)) 
GLOBAL_UNIT_ASSIGNED_CONTEXT((#1146,#1147,#1148)) REPRESENTATION_CONTEXT
('Context #1','3D Context with UNIT and UNCERTAINTY') );
#1146 = ( LENGTH_UNIT() NAMED_UNIT(*) SI_UNIT(.MILLI.,.METRE.) );
#1147 = ( NAMED_UNIT(*) PLANE_ANGLE_UNIT() SI_UNIT($,.RADIAN.) );
#1148 = ( NAMED_UNIT(*) SI_UNIT($,.STERADIAN.) SOLID_ANGLE_UNIT() );
#1149 = UNCERTAINTY_MEASURE_WITH_UNIT(LENGTH_MEASURE(1.E-07),#1146,
  'distance_accuracy_value','confusion accuracy');
#1150 = PRODUCT_RELATED_PRODUCT_CATEGORY('part',$,(#7));
#1151 = MECHANICAL_DESIGN_GEOMETRIC_PRESENTATION_REPRESENTATION('',(
    #1152,#1162,#1170,#1178,#1185,#1192,#1199,#1206,#1214,#1221,#1228,
    #1235,#1242,#1249,#1256,#1263,#1270,#1277,#1284,#1291,#1298,#1305,
    #1312,#1319,#1326,#1333,#1340,#1347,#1354,#1361,#1368,#1375,#1382,
    #1389,#1396),#1145);
#1152 = STYLED_ITEM('color',(#1153),#15);
#1153 = PRESENTATION_STYLE_ASSIGNMENT((#1154,#1160));
#1154 = SURFACE_STYLE_USAGE(.BOTH.,#1155);
#1155 = SURFACE_SIDE_STYLE('',(#1156));
#1156 = SURFACE_STYLE_FILL_AREA(#1157);
#1157 = FILL_AREA_STYLE('',(#1158));
#1158 = FILL_AREA_STYLE_COLOUR('',#1159);
#1159 = DRAUGHTING_PRE_DEFINED_COLOUR('white');
#1160 = CURVE_STYLE('',#1161,POSITIVE_LENGTH_MEASURE(0.1),#1159);
#1161 = DRAUGHTING_PRE_DEFINED_CURVE_FONT('continuous');
#1162 = OVER_RIDING_STYLED_ITEM('overriding color',(#1163),#17,#1152);
#1163 = PRESENTATION_STYLE_ASSIGNMENT((#1164));
#1164 = SURFACE_STYLE_USAGE(.BOTH.,#1165);
#1165 = SURFACE_SIDE_STYLE('',(#1166));
#1166 = SURFACE_STYLE_FILL_AREA(#1167);
#1167 = FILL_AREA_STYLE('',(#1168));
#1168 = FILL_AREA_STYLE_COLOUR('',#1169);
#1169 = COLOUR_RGB('',0.968627457133,0.878431359152,0.599999994755);
#1170 = OVER_RIDING_STYLED_ITEM('overriding color',(#1171),#72,#1152);
#1171 = PRESENTATION_STYLE_ASSIGNMENT((#1172));
#1172 = SURFACE_STYLE_USAGE(.BOTH.,#1173);
#1173 = SURFACE_SIDE_STYLE('',(#1174));
#1174 = SURFACE_STYLE_FILL_AREA(#1175);
#1175 = FILL_AREA_STYLE('',(#1176));
#1176 = FILL_AREA_STYLE_COLOUR('',#1177);
#1177 = COLOUR_RGB('',0.850980378684,0.850980378684,0.850980378684);
#1178 = OVER_RIDING_STYLED_ITEM('overriding color',(#1179),#127,#1152);
#1179 = PRESENTATION_STYLE_ASSIGNMENT((#1180));
#1180 = SURFACE_STYLE_USAGE(.BOTH.,#1181);
#1181 = SURFACE_SIDE_STYLE('',(#1182));
#1182 = SURFACE_STYLE_FILL_AREA(#1183);
#1183 = FILL_AREA_STYLE('',(#1184));
#1184 = FILL_AREA_STYLE_COLOUR('',#1169);
#1185 = OVER_RIDING_STYLED_ITEM('overriding color',(#1186),#164,#1152);
#1186 = PRESENTATION_STYLE_ASSIGNMENT((#1187));
#1187 = SURFACE_STYLE_USAGE(.BOTH.,#1188);
#1188 = SURFACE_SIDE_STYLE('',(#1189));
#1189 = SURFACE_STYLE_FILL_AREA(#1190);
#1190 = FILL_AREA_STYLE('',(#1191));
#1191 = FILL_AREA_STYLE_COLOUR('',#1169);
#1192 = OVER_RIDING_STYLED_ITEM('overriding color',(#1193),#201,#1152);
#1193 = PRESENTATION_STYLE_ASSIGNMENT((#1194));
#1194 = SURFACE_STYLE_USAGE(.BOTH.,#1195);
#1195 = SURFACE_SIDE_STYLE('',(#1196));
#1196 = SURFACE_STYLE_FILL_AREA(#1197);
#1197 = FILL_AREA_STYLE('',(#1198));
#1198 = FILL_AREA_STYLE_COLOUR('',#1177);
#1199 = OVER_RIDING_STYLED_ITEM('overriding color',(#1200),#238,#1152);
#1200 = PRESENTATION_STYLE_ASSIGNMENT((#1201));
#1201 = SURFACE_STYLE_USAGE(.BOTH.,#1202);
#1202 = SURFACE_SIDE_STYLE('',(#1203));
#1203 = SURFACE_STYLE_FILL_AREA(#1204);
#1204 = FILL_AREA_STYLE('',(#1205));
#1205 = FILL_AREA_STYLE_COLOUR('',#1177);
#1206 = OVER_RIDING_STYLED_ITEM('overriding color',(#1207),#275,#1152);
#1207 = PRESENTATION_STYLE_ASSIGNMENT((#1208));
#1208 = SURFACE_STYLE_USAGE(.BOTH.,#1209);
#1209 = SURFACE_SIDE_STYLE('',(#1210));
#1210 = SURFACE_STYLE_FILL_AREA(#1211);
#1211 = FILL_AREA_STYLE('',(#1212));
#1212 = FILL_AREA_STYLE_COLOUR('',#1213);
#1213 = COLOUR_RGB('',0.223529416636,0.223529416636,0.223529416636);
#1214 = OVER_RIDING_STYLED_ITEM('overriding color',(#1215),#323,#1152);
#1215 = PRESENTATION_STYLE_ASSIGNMENT((#1216));
#1216 = SURFACE_STYLE_USAGE(.BOTH.,#1217);
#1217 = SURFACE_SIDE_STYLE('',(#1218));
#1218 = SURFACE_STYLE_FILL_AREA(#1219);
#1219 = FILL_AREA_STYLE('',(#1220));
#1220 = FILL_AREA_STYLE_COLOUR('',#1213);
#1221 = OVER_RIDING_STYLED_ITEM('overriding color',(#1222),#367,#1152);
#1222 = PRESENTATION_STYLE_ASSIGNMENT((#1223));
#1223 = SURFACE_STYLE_USAGE(.BOTH.,#1224);
#1224 = SURFACE_SIDE_STYLE('',(#1225));
#1225 = SURFACE_STYLE_FILL_AREA(#1226);
#1226 = FILL_AREA_STYLE('',(#1227));
#1227 = FILL_AREA_STYLE_COLOUR('',#1213);
#1228 = OVER_RIDING_STYLED_ITEM('overriding color',(#1229),#411,#1152);
#1229 = PRESENTATION_STYLE_ASSIGNMENT((#1230));
#1230 = SURFACE_STYLE_USAGE(.BOTH.,#1231);
#1231 = SURFACE_SIDE_STYLE('',(#1232));
#1232 = SURFACE_STYLE_FILL_AREA(#1233);
#1233 = FILL_AREA_STYLE('',(#1234));
#1234 = FILL_AREA_STYLE_COLOUR('',#1213);
#1235 = OVER_RIDING_STYLED_ITEM('overriding color',(#1236),#455,#1152);
#1236 = PRESENTATION_STYLE_ASSIGNMENT((#1237));
#1237 = SURFACE_STYLE_USAGE(.BOTH.,#1238);
#1238 = SURFACE_SIDE_STYLE('',(#1239));
#1239 = SURFACE_STYLE_FILL_AREA(#1240);
#1240 = FILL_AREA_STYLE('',(#1241));
#1241 = FILL_AREA_STYLE_COLOUR('',#1177);
#1242 = OVER_RIDING_STYLED_ITEM('overriding color',(#1243),#506,#1152);
#1243 = PRESENTATION_STYLE_ASSIGNMENT((#1244));
#1244 = SURFACE_STYLE_USAGE(.BOTH.,#1245);
#1245 = SURFACE_SIDE_STYLE('',(#1246));
#1246 = SURFACE_STYLE_FILL_AREA(#1247);
#1247 = FILL_AREA_STYLE('',(#1248));
#1248 = FILL_AREA_STYLE_COLOUR('',#1177);
#1249 = OVER_RIDING_STYLED_ITEM('overriding color',(#1250),#561,#1152);
#1250 = PRESENTATION_STYLE_ASSIGNMENT((#1251));
#1251 = SURFACE_STYLE_USAGE(.BOTH.,#1252);
#1252 = SURFACE_SIDE_STYLE('',(#1253));
#1253 = SURFACE_STYLE_FILL_AREA(#1254);
#1254 = FILL_AREA_STYLE('',(#1255));
#1255 = FILL_AREA_STYLE_COLOUR('',#1213);
#1256 = OVER_RIDING_STYLED_ITEM('overriding color',(#1257),#612,#1152);
#1257 = PRESENTATION_STYLE_ASSIGNMENT((#1258));
#1258 = SURFACE_STYLE_USAGE(.BOTH.,#1259);
#1259 = SURFACE_SIDE_STYLE('',(#1260));
#1260 = SURFACE_STYLE_FILL_AREA(#1261);
#1261 = FILL_AREA_STYLE('',(#1262));
#1262 = FILL_AREA_STYLE_COLOUR('',#1213);
#1263 = OVER_RIDING_STYLED_ITEM('overriding color',(#1264),#649,#1152);
#1264 = PRESENTATION_STYLE_ASSIGNMENT((#1265));
#1265 = SURFACE_STYLE_USAGE(.BOTH.,#1266);
#1266 = SURFACE_SIDE_STYLE('',(#1267));
#1267 = SURFACE_STYLE_FILL_AREA(#1268);
#1268 = FILL_AREA_STYLE('',(#1269));
#1269 = FILL_AREA_STYLE_COLOUR('',#1213);
#1270 = OVER_RIDING_STYLED_ITEM('overriding color',(#1271),#689,#1152);
#1271 = PRESENTATION_STYLE_ASSIGNMENT((#1272));
#1272 = SURFACE_STYLE_USAGE(.BOTH.,#1273);
#1273 = SURFACE_SIDE_STYLE('',(#1274));
#1274 = SURFACE_STYLE_FILL_AREA(#1275);
#1275 = FILL_AREA_STYLE('',(#1276));
#1276 = FILL_AREA_STYLE_COLOUR('',#1213);
#1277 = OVER_RIDING_STYLED_ITEM('overriding color',(#1278),#719,#1152);
#1278 = PRESENTATION_STYLE_ASSIGNMENT((#1279));
#1279 = SURFACE_STYLE_USAGE(.BOTH.,#1280);
#1280 = SURFACE_SIDE_STYLE('',(#1281));
#1281 = SURFACE_STYLE_FILL_AREA(#1282);
#1282 = FILL_AREA_STYLE('',(#1283));
#1283 = FILL_AREA_STYLE_COLOUR('',#1213);
#1284 = OVER_RIDING_STYLED_ITEM('overriding color',(#1285),#744,#1152);
#1285 = PRESENTATION_STYLE_ASSIGNMENT((#1286));
#1286 = SURFACE_STYLE_USAGE(.BOTH.,#1287);
#1287 = SURFACE_SIDE_STYLE('',(#1288));
#1288 = SURFACE_STYLE_FILL_AREA(#1289);
#1289 = FILL_AREA_STYLE('',(#1290));
#1290 = FILL_AREA_STYLE_COLOUR('',#1213);
#1291 = OVER_RIDING_STYLED_ITEM('overriding color',(#1292),#767,#1152);
#1292 = PRESENTATION_STYLE_ASSIGNMENT((#1293));
#1293 = SURFACE_STYLE_USAGE(.BOTH.,#1294);
#1294 = SURFACE_SIDE_STYLE('',(#1295));
#1295 = SURFACE_STYLE_FILL_AREA(#1296);
#1296 = FILL_AREA_STYLE('',(#1297));
#1297 = FILL_AREA_STYLE_COLOUR('',#1177);
#1298 = OVER_RIDING_STYLED_ITEM('overriding color',(#1299),#797,#1152);
#1299 = PRESENTATION_STYLE_ASSIGNMENT((#1300));
#1300 = SURFACE_STYLE_USAGE(.BOTH.,#1301);
#1301 = SURFACE_SIDE_STYLE('',(#1302));
#1302 = SURFACE_STYLE_FILL_AREA(#1303);
#1303 = FILL_AREA_STYLE('',(#1304));
#1304 = FILL_AREA_STYLE_COLOUR('',#1177);
#1305 = OVER_RIDING_STYLED_ITEM('overriding color',(#1306),#818,#1152);
#1306 = PRESENTATION_STYLE_ASSIGNMENT((#1307));
#1307 = SURFACE_STYLE_USAGE(.BOTH.,#1308);
#1308 = SURFACE_SIDE_STYLE('',(#1309));
#1309 = SURFACE_STYLE_FILL_AREA(#1310);
#1310 = FILL_AREA_STYLE('',(#1311));
#1311 = FILL_AREA_STYLE_COLOUR('',#1177);
#1312 = OVER_RIDING_STYLED_ITEM('overriding color',(#1313),#846,#1152);
#1313 = PRESENTATION_STYLE_ASSIGNMENT((#1314));
#1314 = SURFACE_STYLE_USAGE(.BOTH.,#1315);
#1315 = SURFACE_SIDE_STYLE('',(#1316));
#1316 = SURFACE_STYLE_FILL_AREA(#1317);
#1317 = FILL_AREA_STYLE('',(#1318));
#1318 = FILL_AREA_STYLE_COLOUR('',#1177);
#1319 = OVER_RIDING_STYLED_ITEM('overriding color',(#1320),#869,#1152);
#1320 = PRESENTATION_STYLE_ASSIGNMENT((#1321));
#1321 = SURFACE_STYLE_USAGE(.BOTH.,#1322);
#1322 = SURFACE_SIDE_STYLE('',(#1323));
#1323 = SURFACE_STYLE_FILL_AREA(#1324);
#1324 = FILL_AREA_STYLE('',(#1325));
#1325 = FILL_AREA_STYLE_COLOUR('',#1213);
#1326 = OVER_RIDING_STYLED_ITEM('overriding color',(#1327),#899,#1152);
#1327 = PRESENTATION_STYLE_ASSIGNMENT((#1328));
#1328 = SURFACE_STYLE_USAGE(.BOTH.,#1329);
#1329 = SURFACE_SIDE_STYLE('',(#1330));
#1330 = SURFACE_STYLE_FILL_AREA(#1331);
#1331 = FILL_AREA_STYLE('',(#1332));
#1332 = FILL_AREA_STYLE_COLOUR('',#1213);
#1333 = OVER_RIDING_STYLED_ITEM('overriding color',(#1334),#917,#1152);
#1334 = PRESENTATION_STYLE_ASSIGNMENT((#1335));
#1335 = SURFACE_STYLE_USAGE(.BOTH.,#1336);
#1336 = SURFACE_SIDE_STYLE('',(#1337));
#1337 = SURFACE_STYLE_FILL_AREA(#1338);
#1338 = FILL_AREA_STYLE('',(#1339));
#1339 = FILL_AREA_STYLE_COLOUR('',#1213);
#1340 = OVER_RIDING_STYLED_ITEM('overriding color',(#1341),#947,#1152);
#1341 = PRESENTATION_STYLE_ASSIGNMENT((#1342));
#1342 = SURFACE_STYLE_USAGE(.BOTH.,#1343);
#1343 = SURFACE_SIDE_STYLE('',(#1344));
#1344 = SURFACE_STYLE_FILL_AREA(#1345);
#1345 = FILL_AREA_STYLE('',(#1346));
#1346 = FILL_AREA_STYLE_COLOUR('',#1213);
#1347 = OVER_RIDING_STYLED_ITEM('overriding color',(#1348),#965,#1152);
#1348 = PRESENTATION_STYLE_ASSIGNMENT((#1349));
#1349 = SURFACE_STYLE_USAGE(.BOTH.,#1350);
#1350 = SURFACE_SIDE_STYLE('',(#1351));
#1351 = SURFACE_STYLE_FILL_AREA(#1352);
#1352 = FILL_AREA_STYLE('',(#1353));
#1353 = FILL_AREA_STYLE_COLOUR('',#1177);
#1354 = OVER_RIDING_STYLED_ITEM('overriding color',(#1355),#990,#1152);
#1355 = PRESENTATION_STYLE_ASSIGNMENT((#1356));
#1356 = SURFACE_STYLE_USAGE(.BOTH.,#1357);
#1357 = SURFACE_SIDE_STYLE('',(#1358));
#1358 = SURFACE_STYLE_FILL_AREA(#1359);
#1359 = FILL_AREA_STYLE('',(#1360));
#1360 = FILL_AREA_STYLE_COLOUR('',#1177);
#1361 = OVER_RIDING_STYLED_ITEM('overriding color',(#1362),#1020,#1152);
#1362 = PRESENTATION_STYLE_ASSIGNMENT((#1363));
#1363 = SURFACE_STYLE_USAGE(.BOTH.,#1364);
#1364 = SURFACE_SIDE_STYLE('',(#1365));
#1365 = SURFACE_STYLE_FILL_AREA(#1366);
#1366 = FILL_AREA_STYLE('',(#1367));
#1367 = FILL_AREA_STYLE_COLOUR('',#1177);
#1368 = OVER_RIDING_STYLED_ITEM('overriding color',(#1369),#1045,#1152);
#1369 = PRESENTATION_STYLE_ASSIGNMENT((#1370));
#1370 = SURFACE_STYLE_USAGE(.BOTH.,#1371);
#1371 = SURFACE_SIDE_STYLE('',(#1372));
#1372 = SURFACE_STYLE_FILL_AREA(#1373);
#1373 = FILL_AREA_STYLE('',(#1374));
#1374 = FILL_AREA_STYLE_COLOUR('',#1177);
#1375 = OVER_RIDING_STYLED_ITEM('overriding color',(#1376),#1055,#1152);
#1376 = PRESENTATION_STYLE_ASSIGNMENT((#1377));
#1377 = SURFACE_STYLE_USAGE(.BOTH.,#1378);
#1378 = SURFACE_SIDE_STYLE('',(#1379));
#1379 = SURFACE_STYLE_FILL_AREA(#1380);
#1380 = FILL_AREA_STYLE('',(#1381));
#1381 = FILL_AREA_STYLE_COLOUR('',#1169);
#1382 = OVER_RIDING_STYLED_ITEM('overriding color',(#1383),#1087,#1152);
#1383 = PRESENTATION_STYLE_ASSIGNMENT((#1384));
#1384 = SURFACE_STYLE_USAGE(.BOTH.,#1385);
#1385 = SURFACE_SIDE_STYLE('',(#1386));
#1386 = SURFACE_STYLE_FILL_AREA(#1387);
#1387 = FILL_AREA_STYLE('',(#1388));
#1388 = FILL_AREA_STYLE_COLOUR('',#1169);
#1389 = OVER_RIDING_STYLED_ITEM('overriding color',(#1390),#1117,#1152);
#1390 = PRESENTATION_STYLE_ASSIGNMENT((#1391));
#1391 = SURFACE_STYLE_USAGE(.BOTH.,#1392);
#1392 = SURFACE_SIDE_STYLE('',(#1393));
#1393 = SURFACE_STYLE_FILL_AREA(#1394);
#1394 = FILL_AREA_STYLE('',(#1395));
#1395 = FILL_AREA_STYLE_COLOUR('',#1169);
#1396 = OVER_RIDING_STYLED_ITEM('overriding color',(#1397),#1135,#1152);
#1397 = PRESENTATION_STYLE_ASSIGNMENT((#1398));
#1398 = SURFACE_STYLE_USAGE(.BOTH.,#1399);
#1399 = SURFACE_SIDE_STYLE('',(#1400));
#1400 = SURFACE_STYLE_FILL_AREA(#1401);
#1401 = FILL_AREA_STYLE('',(#1402));
#1402 = FILL_AREA_STYLE_COLOUR('',#1169);
ENDSEC;
END-ISO-10303-21;
